menu_start_game_0|欢迎来到维京征服世界（游戏版本V2.064）。
mno_continue_i|继续……
mno_continue_cheat|跳过教程。
mno_go_back_dot|后退。
menu_start_game_3|选择剧本
mno_go_back|后退
menu_tutorial|你进入了训练场，不少当地人都在里面进行着武器的训练。在这里你可以通过各种训练来提高你的战斗技巧。
mno_continue|继续……
menu_reports|角色声望：{reg5}^荣誉级别：{reg6}^部队士气：{reg8}^部队上限：{reg7}^
mno_resume_travelling|继续旅程。
menu_start_phase_2x|后退
mno_town_4|继续
menu_custom_battle_end|战斗结束，在这场战斗中，{s1}你的队伍杀死了{reg5}人，敌人的队伍杀死了{reg6} ，你杀死了{reg7}人。
menu_start_game_2|欢迎来到维京征服世界
menu_start_game_1|欢迎来到维京征服世界
menu_start_game_11|退出？
menu_start_game_4|你已经做出了一些选择。你在冒险开始后将无法改变。你仍然坚持你的选择开始你的冒险吗？
menu_camp|营地已经建好了，你想要做什么？
mno_camp_action|干点事情。
mno_camp_wait_here|在这里待一会儿。
menu_camp_action_rest|扎营允许你的士兵从长途跋涉中得到休息，也允许你搜寻食物来补充库存粮草。这一点在你进入敌人领地时非常有用，因为你将难以购买补给。
menu_build_refuge_new|你的士兵等待你下令开始建立避难所。现在有足够的材料，并且缺失的材料可以在附近村庄购买。^^总成本：1000先令。^需要时间：6小时。
mno_refuge_here|是的。
menu_camp_cheat|选择作弊项目：
mno_camp_cheat_find_item|查找一件物品……
mno_testing_cheats|使用作弊代码。
mno_back_to_camp_menu|回到宿营菜单。
menu_cheat_testing_cheats1|选择一个作弊效果。
menu_storyline_cheat|选择一项作弊：
mno_back_cm|后退。
menu_camp_action|选择你要做的事：
mno_toggle_cheat_on|作弊目录开启。
mno_toggle_cheat_off|作弊目录关闭。
mno_camp_action_4|退回营地菜单。
menu_camp_recruit_prisoners|你答应这些俘虏，如果他们加入你的话，你就给予他们自由。{s18}
mno_camp_recruit_prisoners_accept|接受。
mno_camp_recruit_prisoners_half|招降一半。
mno_camp_recruit_prisoners_reject|拒绝。
menu_camp_no_prisoners|你没有俘虏可以招降。
menu_camp_action_read_book|选一本书读：
menu_retirement_verify|现在总共冒险的时间是{reg0}天，运气是{reg1} 。你确实想要从这场冒险中退出吗？
mno_yes_dot|是的。
mno_no_dot|不。
menu_end_game|去意已决，你决定放弃冒险者的生活，并定居下来。你卖掉了所有的武器与护甲，收拾起行囊，策马奔向夕阳的余辉之中……
mno_end_game_bye|再会。
menu_cattle_herd|你遇到了一群牛。
mno_cattle_drive_away|驱赶他们。
mno_cattle_stop|让牛群停下休息。
mno_cattle_kill|屠宰其中的一些。
mno_leave|离开
menu_cattle_herd_kill|你想屠宰几头？
mno_cattle_kill_1|一。
mno_cattle_kill_2|二。
mno_cattle_kill_3|三。
mno_cattle_kill_4|四。
mno_cattle_kill_5|五。
mno_cattle_kill_20|二十。
menu_arena_duel_fight|决斗是件非常严肃的事情，尤其是到一方死亡为止。两个人进入决斗场，但是只有一个可以走出来……^^身心要同时对压力和危机做出反应。你感觉你的腋下在出冷汗，那种出汗的感觉和冷热完全无关，那是战斗的汗水，同时预示着……你已经准备好了。
menu_simple_encounter|{s2}你将以{reg10}人的部队迎战对手{reg11}人。^^{s7}
mno_playerambush_attack|伏击敌人！
mno_ambush_attack|被伏击！
mno_encounter_attack|{s7}向敌人发起冲锋！
mno_encounter_deploy|战斗开始后坚守阵地。
mno_encounter_order_attack|坐镇指挥，让你的部队进攻。
mno_tactical_nuevo|指挥官的选择。
mno_encounter_leave|离开。
mno_encounter_retreat|以留下少量部队掩护为代价撤退。
mno_encounter_surrender|投降。
menu_encounter_retreat_confirm|队员中最高战术技能为{reg2}级，因此{reg3?你制定:{s3}制定}了一个计划，允许你和大部分士兵可以无损地撤退，但是你必须牺牲{reg4}个战士来阻止敌人追击。
mno_leave_behind|实行计划，牺牲那些士兵，拯救剩下的部队。
mno_dont_leave_behind|不，我们不会牺牲任何一个战友。
menu_encounter_retreat|你命令{reg4}名战士负责在大部队撤退的时候拖住敌人前进的步伐。
menu_order_attack_begin|你的部队已经做好了战斗准备。
mno_order_attack_begin|下令攻击。
mno_call_back|后撤。
menu_order_attack_2|{s4}^^我军人员伤亡：{s8}^^敌军人员伤亡：{s9}
mno_order_attack_continue|继续攻击。
mno_order_retreat|让你的士兵撤回来。
menu_battle_debrief|{s11}^^我军伤亡：{s8}{s10}^^敌军伤亡：{s9}
menu_total_victory|你不该看这个……{s9}
menu_pre_join|你遇到{s2}正在攻击{s1} ，你决定……
mno_pre_join_help_attackers|对{s2}施以援手。
mno_pre_join_help_defenders|对{s1}施以援手。
mno_pre_join_leave|不卷入纷争。
menu_join_battle|你决定帮助{s2}对抗{s1} ，你将有{reg10}名士兵参加战斗对抗{reg11}个敌人。
mno_join_attack|攻入敌阵！
mno_join_order_attack|仅仅让你的士兵加入你的盟友。
mno_join_leave|离开。
menu_join_order_attack|{s4}^^我军伤亡：{s8}^^盟军伤亡：{s9}^^敌军伤亡：{s10}
menu_zendar|你进入了禅达镇。
mno_zendar_enter|【 进入】 
mno_zendar_enter_door|去镇广场。
mno_zendar_tavern|【 进入】 
mno_zendar_tavern_door|进入酒馆。
mno_zendar_merchant|【 进入】 
mno_zendar_merchant_door|进入商店。
mno_zendar_arena|【 进入】 
mno_zendar_arena_door|进入竞技场。
mno_town_1_leave|【 进入】 
menu_salt_mine|你进入了盐矿。
mno_enter|进入
menu_four_ways_inn|你进入了四方客栈。
menu_test_scene|你进入了测试场景。
menu_quarry1|你到达了采石场，一些奴隶在工作，空气中响彻着手推车和凿子的声音。
mno_enterqu|进入。
mno_leavequ|离开。
menu_salt_mine_vc|你到达了盐矿，一些奴隶在工作，空气中响彻着手推车和铁锹的声音。
mno_enter_sm|进入。
mno_leave_sm|离开。
menu_lumber_camp|你到达了伐木场，一些奴隶在工作，空气中响彻着斧头和锯子的声音。
mno_enter_lc|进入。
mno_leave_lc|离开。
menu_farmstead_special|你到达了农场。农场是 食物的来源，所以这里的东西很便宜。^{s10}
mno_take_cattlefs|带走一部分牛。
mno_enter_fs|进入。
mno_leave_fs|离开。
menu_hadrian_wall1|你到达了哈德良长城的遗址。
mno_enter_hw|进入。
mno_leave_hw|离开。
menu_celidon_forest|在你面前出现的是一个陌生的地方，那里散发着来自古代的神秘能量。
mno_enter_ce|进入。
mno_leave_ce|离开。
menu_hidden_valley|你到达了一处陌生的地方，这里似乎是罗马废墟。你的部队在后方搭起了营帐，而你开始了探险……
mno_enter_hv|探寻。
mno_leave_hv|离开。
menu_join_siege_outside|{s1}正被{s2}围攻。
mno_approach_besiegers|进入围城营地。
mno_pass_through_siege|穿过围城进入{s1} 。
menu_cut_siege_without_fight|围城方放你进入了城堡。
menu_besiegers_camp_with_allies|{s1}依然被围困中，你和你的部队在上空飞扬着{s2}的旗帜的围城营地那里被热烈的欢迎了。
mno_talk_to_siege_commander|要求和指挥官会面。
mno_join_siege_with_allies|加入下一轮的攻城。
mno_join_siege_stay_back|坐镇指挥，让你的部队协助下一轮的攻城。
menu_castle_outside|你在{s2}的外面。{s11}{s3}{s4}
mno_approach_gates|走近城门，叫守卫出来。
mno_town_sneak|伪装，偷偷溜进{s7}里去。
mno_castle_start_siege|围攻{reg6?城镇:城堡}
mno_castle_leave|离开。
menu_castle_guard|你走近了城门。城墙上的守卫正紧盯着你。^^{s10}
mno_request_shelter|要求进入城堡。
mno_request_meeting_commander|要求和城堡中的某人会面。
mno_guard_leave|离开。
menu_castle_entry_granted|简短的等待之后，守卫打开了城门，允许你和你的部队进入城中。
menu_castle_entry_denied|城堡中的指挥官拒绝了你的请求，禁止你走近城池一步，否则守军就会向你发起攻击。
menu_castle_meeting|你想要见谁？
mno_forget_it|算了。
menu_castle_meeting_selected|你的会面请求被传递上去了，最终{s6}出现在你面前与你进行交涉。
menu_port_attack|你正在攻击{s1}的港口。你将有{reg10}名士兵参加战斗对抗{reg11}个敌人。
mno_lead_attack|亲自率领攻城。
mno_attack_stay_back|坐镇指挥，让你的部队攻击……
mno_abandon_attack|放弃攻击。
mno_lift_siege|放弃围城。
menu_castle_besiege|你已经在围攻{s1} 。{s2}^^{s15}{s16}{s17}{s18}{s19}{s20}{s21}{s22}
mno_siege_request_meeting|要求和城堡的指挥官会面。
mno_siege_warfare_p|围城战(计划攻城) 。
mno_siege_assault_p|围城战(准备突击) 。
mno_siege_assault_camp|你的攻城营地。
mno_wait_24_hours|等到明天。
menu_siege_plan|你和参谋们计划以最小的代价攻下{s4} ，你的策略是利用饥荒和内乱削弱敌人。^^{s15}{s17}{s18}{s19}{s20}
mno_build_circunvalation|围困：环绕{s4}建立围城工事。
mno_close_circunvalation|工事已经修建完成。现在围困开始了。
mno_town_investigar|潜入侦查这个地区的防御。追踪能力将发挥作用。
mno_traicion_interna|试图寻找{s4}中的内应。
mno_traicion_interna3|潜入城中寻找内应的人有什么消息了吗？
mno_infiltracion_interna|派一些人渗透进去，破坏守备。
mno_infiltracion_interna3|渗透城中进行破坏的部队有什么消息了吗？
mno_build_varios|命令建立卫生设施以防止瘟疫。
mno_destruir_campos_a|坚壁清野以削弱敌人。
mno_destruir_campos_b|派去坚壁清野的部队有什么消息了吗？
menu_siege_assault|时间就是生命，你担心敌人的增援可能随时到达。攻城为下，但你已别无选择。^^{s17}{s18}{s19}
mno_scout_investigar|召见奉命去侦查{s4}的斥候。
mno_poniendo_elementos_mantles|命令先锋使用挡箭牌推进，并准备发动总攻。
mno_poniendo_elementos|准备突击用具并准备发动总攻。
mno_castle_lead_attack|这一刻终于来临了，率领你的士兵突击！顶着横飞的血肉和刀光剑影前进吧……
mno_build_mantlet|制作挡箭牌。
mno_build_ladders|搭建器械并准备地点去突击。
mno_build_siege_tower|建造冲车登城作战。请做好伤亡的心理准备。
menu_siege_attack_meets_sally|守城方派了部队来对你进行还击。
menu_nofood_siege_defenders_sally|食物短缺迫使{s4}的守军孤注一掷，他们冲出城门试图突围。
menu_surrender_siege_defenders_starved|{s4}的守军已经精疲力竭了，粮草断绝使他们虚弱不堪，许多弱者已经饿死了，城内甚至出现了人相食的惨状。^{s4}准备开城投降了……
menu_castle_attack_walls_simulate2|{s4}^^己方伤亡：{s8}^^敌方伤亡：{s9}
menu_sneak_into_town_suceeded2|乔装打扮，趁着漆黑的夜色，你潜入了防守严密的{s4} 。现在该好好侦查他们的守备了。
menu_construct_saneamiento|卫生设施可以很好地避免鼠害和疾病。建立公厕和污水渠来防止污物的堆积和雨水带来的秽物，同时修建贮水池以获得可靠的供水。是否动工？^将花费4小时。
mno_build_saneamiento|行动。
menu_construct_circunvalation|在围城过程中封锁一个区域以保护你的军队，防止敌人实施游击作战，并且阻止粮草补给进入城内。这同样会降低敌人的士气，增加劝降的筹码。^^根据队伍成员中的最高工程学能力，({reg2}) ，{reg3?你估计:{s3}预计}对这个区域进行完全封锁需要花费{reg4}小时。
mno_build_circun_cont|行动。
menu_traicion_interna2|你的围困行动削弱了敌人，你的一些部下想要联系{s4}的守军和居民，希望找到愿意投诚并协助破城的内应。他们需要500先令来执行这个任务。
mno_intentar_traicion|允许这些人去寻找内应。
menu_traicion_resultado1|他们带回了消息，没有人愿意背叛。
mno_back_behind|无妨，其忠义可嘉。
menu_traicion_resultado2|阁下！我们的人在{s4}的城墙边上被敌人发现了，就在那个吊桥的位置。他们试图撤回，但被包围了……
mno_ayudar_infiltrados|下令：派出一支增援部队营救。
mno_leave_men|让他们听天由命，军人要做好随时牺牲的准备。
menu_traicion_resultado3|你的人带回了消息，一个内应声称他将点燃城内的库房{s4}而且来投奔你的军队。敌人将会因此而损失一些粮草和牲畜。
mno_back_to_siege|干得漂亮。
menu_traicion_resultado4|你的人带回了消息，他们说一个内应声称他熟悉守军巡逻的路线。当他们到城墙外的一条小溪取水的时候，他很愿意带路去伏击巡逻队……
mno_atacar_emboscada_player|带领你的贴身侍卫去执行这个任务。
mno_atacar_emboscada|派遣一支部队和内应执行埋伏任务。
menu_emboscada_player|以植被做掩护，你的行动震惊了敌人而且收益颇丰。现在守军在派遣队伍出城之前要三思而后行了。
mno_victory_bang|行动胜利！
menu_emboscada_nada|以植被做掩护，队伍避开了城墙上来回巡视的目光，但是当他们到达预定的集合地点时，没有人出现。这名内应可能被发现或退缩了，你的士兵失望地归来。
mno_emboscada_nanai|不要担心，机会有的是。
menu_emboscada_lose|急报！中计了！这名所谓的内应带领你的部队进入了敌人的伏击圈，他们正绝望地抵抗，不断有人倒下。
mno_regreso_lucha|你最担心的事情发生了。
menu_emboscada_victory|内应带领着你的人趁着夜色来到了一座小山上，这里控制着前往水井的道路。你的人在植被的掩护中展开了队形，他们隐藏于寂静与黑暗中。终于在破晓时分，一支人数众多的敌军出现于视线之内。^^喊杀声响彻山坳的同时，你的士兵如裹挟着死神的潮水一般涌向敌人……杀伤无数。
menu_traicion_resultado5|当你的部队返回的时候，他们告诉你联系上了一位掌握补给的军士，他承诺将抬高补给品的价格，以迫使更多的居民逃离据点。
mno_traicion_moral|漂亮！
menu_traicion_lucha|你的部队和敌人在城墙的脚下拼死作战，而且所有条件都不利于你们。你看到手下被逼撤退到自己面前，丢下许多尸首。^^己方伤亡：{s8}^^敌方伤亡：{s9}
mno_regreso_luchar|好，绝不丢下任何一个人。
menu_infiltracion_resultado1|他们没有带回新消息，据点守备严密，难以突破。
mno_back_behindi|只是运气不好，我想。
menu_infiltracion_resultado2|阁下！我们的人在{s4}的城墙脚下被发现了，而且已经全军覆没了。
mno_muertos_infiltrado|晴天霹雳。
menu_infiltracion_resultado3|捷报！他们烧毁了不少粮草，敌人陷入了混乱。也许这是一个让他们投降的好机会。
mno_back_to_siegei|好吧，给他们一桶酒。
menu_infiltracion_resultado3_c|捷报！他们杀掉了不少牲畜并破坏了储水设施。敌人陷入了混乱，而且他们的领主损失了部分声望。也许这是一个让他们投降的好机会。
mno_back_to_siegein|好吧，给他们一桶酒。
menu_infiltracion_resultado4|你的部队带回了消息，他们说一些士兵心怀不满，而且一些人被说服投诚到我方军队。如果你同意的话，他们将在夜里离开城池加入你的军队。在他们离开之前，他们承诺将制造一些混乱来瓦解敌军斗志，使之更容易投降。
mno_aceptar_si|欢迎投诚士兵的加入。
mno_leave_men1|这让我感到不安。忘记它。
menu_infiltracion_resultado4_c|你的部队带回了消息，他们说已经在一些水井和附近的溪流中撒下毒药，这应该能够让不少的守军生病。
mno_aceptar_oki|这是个好消息，这样将大大削减守军的有生力量。
menu_infiltracion_resultado5|噢，长官，敌人送来了个装着我们士兵人头的袋子。许多士兵看到了，恐慌在营帐间蔓延。
mno_infiltracion_morali|懦夫！几个人头就把他们吓成这样？他们是牲口还是战士？
mno_infiltracion_morali2|我们要报仇雪恨！
menu_campos_cercanos1|长官，谷物和农场已经被烧毁了，但因为这不是收获的季节，所以并没有找到太多补给。
mno_back_behind_d|干得好，不用担心。
menu_campos_cercanos2|长官，谷物和农场已经被烧毁了，而且因为这是收获的季节，所以我们找到了大量的食物。
mno_back_behind_c|干得好，食物总是宝贵的资源。
menu_campos_cercanos2_c|长官，谷物和农场已经被烧毁了，地里的庄稼还是青茬，但可以食用，我们找到了很多食物。
mno_back_behind_cc|干的好，食物永远是受欢迎的。
menu_campos_cercanos3|长官，我们烧毁了农田，但是收获季节已经过去了，所以没找到多少食物。不过，农民们在逃走前落下了一些牲畜。
mno_back_behind_bc|食物总是宝贵的资源。
menu_campos_cercanos4|我们遇到了抵抗，农田已被烧毁，但是农民在守军的支援下杀了回来。^^己方伤亡：{s8}^^敌方伤亡：{s9}
mno_back_behind_ac|师出不利！
menu_poner_escaleras|你的先锋带着云梯，挡箭牌，铲子等攻城器械前进着……一队装备着远程武器的士兵走到了前方，吸引敌人的火力，你的心脏在体内狂跳不止，似乎每次战斗都像初次上阵一样。^刺激，恐惧和汗水交织，一如既往。你见证了你的士兵是如何组成了盾阵攻上了城墙……^^己方伤亡：{s8}^^敌方伤亡：{s9}
mno_back_behind_esc1|你的队伍遇到敌人，现在……
menu_poner_escaleras_mantlets|你的先锋带着云梯，挡箭牌，铲子等攻城器械前进着……一队装备着远程武器的士兵走到了前方，在挡箭牌的掩护下，吸引敌人的火力……你的心脏在体内狂跳不止，似乎每次战斗都像初次上阵一样。^刺激，恐惧和汗水交织，一如既往。你见证了你的士兵是如何组成了盾阵攻上了城墙……挡箭牌掩护了很多士兵，保住了他们的性命。^^己方伤亡：{s8}^^敌方伤亡：{s9}
mno_back_behind_esc2|你的队伍遇到敌人，现在……
menu_informacion_ciudad|斥候在你的面前停了下来：'{s11}^{s12}{s1}{s5}{s17}
mno_regreso_luchain|谢谢你。你给的信息很重要！
menu_build_mantles2|在你的先锋使用攻城器械的时候，挡箭牌将保护他们免受城头火力的伤害。根据队伍成员中的最高工程学能力，({reg2}) ，{reg3?你预计:{s3}预计}要花费{reg4}小时来建造挡箭牌。
mno_build_mantles|开始建造。
menu_construct_ladders|根据队伍成员中的最高工程学能力({reg2}) ，{reg3?你预计:{s3}预计}将要花费{reg4}小时来准备足够的装备用于突击。
mno_build_ladders_cont|继续……
menu_construct_siege_tower|根据队伍成员中的最高工程学能力，({reg2}) ，{reg3?你预计:{s3}预计}用来建立攻城塔而其他用来突击的装备则需要{reg4}小时。
mno_build_siege_tower_cont|开始建造。
menu_castle_attack_walls_simulate|{s4}^^己方伤亡：{s8}^^敌方伤亡：{s9}
menu_castle_attack_walls_with_allies_simulate|{s4}^^我军伤亡：{s8}^^盟军伤亡：{s9}^^敌军伤亡：{s10}
menu_castle_taken|{s60}的战斗已经接近尾声，你的手下们已经对即将到来的劫掠{reg2?城镇:城堡} 跃跃欲试了。{s10}^如果你想要将其纳入自己的阵营，你可以选择禁止士兵毁坏{reg2?城镇:城堡} 。你也可以充实下你的钱包，劫掠一番弃之而去。最后，你也可以完全毁灭这个地方，这样可以获得尽可能多的东西，奴役当地的居民，并摧毁其之于敌人的价值。
mno_saqueo_noallowed|攻下这座{reg2?城镇:城堡} 后禁止手下掠夺。
mno_keep_plunder|征服与掠夺{reg2?城镇:城堡} 。
mno_saqueo_normal|洗劫这座{reg2?城镇:城堡} ，然后离开。
mno_saqueo_total|毁灭这个地方，屠杀居民。
menu_castle_taken_plunder|{reg2?城镇:城堡}被洗劫了，你收集到了{reg7} 先令。
menu_castle_taken_native|你的部队攻陷了{s3} ，现在你已经完全地掌控了这个{reg2?城镇:城堡} 。{reg1?你可以在这里驻军以防那些打算重新夺回它的敌军。同时，你可以选择保留这座{reg2?城镇:城堡}给自己或者分封给某个忠诚的部下……: }
menu_castle_taken_keepplunder|{s3} 面对你的军队后溃不成军，而你现在拥有了{reg2?城镇:城堡}的全面控制。你的士兵们在街道上掠夺着尽可能多的东西。{reg2?城镇:城堡} 已经被掠夺。你获得了{reg7} 先令。{reg1?你可以驻扎士兵在此地以防止敌人重新占领它。而且，现在你可以选择为自己保留{reg2?城镇:城堡} 或者把它给予一位忠心的下属……:}
menu_castle_taken_2|你的部队攻陷了{s3} ，现在你已经完全地掌控了这个城堡。现在应该把这个胜利的消息告诉给{s9}了。{s5}
mno_castle_taken_claim|要求他把{s3}封给你。
mno_castle_taken_claim_2|要求他把{s3}封配为你的{reg59?丈夫:妻子} 。
mno_castle_taken_no_claim|什么也不要求。
menu_saqueo_loot_continue|这个地方已经被掠夺过了。
menu_requested_castle_granted_to_another|你从国王{s3}那里得到通知。^^我听说你很英勇地战斗并把{s2}给攻下来了。你的胜利极大的鼓舞了我们。你说过你想要我把这个地方封给你，但恐怕我并不能同意你的要求，因为在我统治的范围内，你已经有了封地。所以我送你{reg6} 先令作为你的军费开支，而{s2} ，我把它封给{s5}了。
mno_accept_decision|接受你的君主的决定。
mno_leave_faction|你遭到了不公的待遇了！背弃你对君主的誓言！
menu_requested_castle_granted_to_another_female|你从国王{s3}那里得到通知。^^我听说你很英勇地战斗并把{s2}给攻下来了。你的胜利极大的鼓舞了我们。你说过你想要我把这个地方封给你，但恐怕我并不能同意你的要求，因为在我统治的范围内，你已经有了封地。所以我送你{reg6} 先令作为你的军费开支，而{s2} ，我把它封给{s5}了。？
mno_accept_decision2|接受决定。
menu_leave_faction|放弃誓言是一件很严重的事情。你的君主将宣判你有罪，并没收你的土地与城堡。如果你自愿交出你的土地与城堡，他也许会饶恕你，放你走。
mno_leave_faction_give_back|我交出我的土地与城堡给我的君主，但是我放弃我的誓言。
mno_leave_faction_hold|我放弃我的誓言。并以自己的名义占有我的城堡，包括{s2} 。
mno_leave_faction_cancel|我改变主意了。我还是对我的君主效忠。
menu_give_center_to_player_2|短暂的仪式之后，你已受封新封地。你现在是{s2}{reg3?和从属的{s4}村:}的领主。{reg3?它们:它}会成为你新的封地。你可以在这里横征暴敛，大拉壮丁，但你也得保证这里的安全和秩序。
menu_oath_fulfilled|你发誓为{s1}服务一段时间。你的誓言已经完结了，你准备怎么办？
mno_renew_oath|继续向{s1}发誓，再服务一个月。
mno_dont_renew_oath|恢复自由身。
menu_siege_started_defender|{s1}正在攻击{s2}的城墙。你有{reg10}人可以参战对抗敌人的{reg11}人。你决定……
mno_siege_defender_join_battle|参加战斗。
mno_siege_defender_troops_join_battle|坐镇指挥，让你的部队攻击。
menu_siege_join_defense|{s4}^^我军伤亡：{s8}^^盟军伤亡：{s9}^^敌军伤亡：{s10}
menu_village|{s10}{s12}^{s11}^{s6}{s7}^^{s15}
mno_village_manage|管理这个村庄。
mno_recruit_volunteers|征募志愿兵。
mno_village_center|前往村中心。
mno_village_center_door|村庄中心的大门。
mno_meet_leader|与村庄长老见面。
mno_meet_leader_door|通往村庄中心的门。
mno_village_buy_food|向村民购买给养。
mno_comprar_cattle|我想买些牛。
mno_village_attack_bandits|进攻强盗。
mno_village_wait|在这里待一会儿。
mno_collect_taxes_qst|{reg5?继续收税:所得税款} 。
mno_train_peasants_against_bandits_qst|训练这些农民。
mno_village_hostile_action|做一些带有敌意的事情。
mno_village_leave|离开……
menu_village_hostile_action|你现在打算做些什么？（你需要20多人的部队）
mno_village_force_convert|强迫村民皈依。
mno_village_take_food|强征给养。
mno_village_steal_cattle|偷一些牛。
mno_enslave_villagers|奴役村民。
mno_village_loot|劫掠这个村子，然后把它夷为平地！
mno_continue_not_enough_gold|我没有足够的钱。
mno_recruit_them|招募他们。({reg6} 先令) 。
menu_village_hunt_down_fugitive_defeated|逃犯的重重一击让你天旋地转，并昏倒在地上。时间飞逝，当你再次睁开眼睛时，发现自己伤痕累累，但幸好没有一处是致命伤。
menu_village_confront_contact_defeated|村民的一个重拳把你打趴到了地上，而且你的视觉旋转着并变模糊了。时间飞去，当你再次张开眼睛，你意识到你被殴打了而且流着血，不过幸运的是没有一处伤口是致命的。
menu_village_hunt_lover_defeated|幽灵的一个重拳把你打趴到了地上，而且你的视觉旋转着并变模糊了。时间飞去，当你再次张开眼睛，你意识到你被殴打了而且流着血，不过幸运的是没有一处伤口是致命的。
menu_village_hunt_music_defeated|守卫的一个重拳把你打趴到了地上，而且你的视觉旋转着并变模糊了。时间飞去，当你再次张开眼睛，你意识到你被殴打了而且流着血，不过幸运的是没有一处伤口是致命的。
menu_village_infestation_removed|经过足以令人传诵的英勇的战斗，你和你的同伴打败了强盗。这个村子再次安全了。经过他们的抢劫以后，村民几乎没有什么东西剩下了，但他们还是拿出了任何他们有的东西。
mno_village_bandits_defeated_accept|我接受你们的赠品。
mno_village_bandits_defeated_cont|你们比我更需要这些东西。你们的感谢已经足够了。
menu_center_manage|{s19}^{reg6?^^你现在正在建造{s7} 。这个建筑将于{reg8}{reg9?日:日}后完成。:}
mno_center_build_manor|建造一个庄园。
mno_center_build_fish_pond|建造一个磨坊。
mno_center_build_watch_tower|建造一个了望塔。
mno_center_build_school|建造一个学校。
mno_center_build_messenger_post|建造一个驿站。
mno_center_build_prisoner_tower|建造一个哨塔。
mno_center_build_religion1|修建一座基督教修道院（转换信仰）
mno_center_build_religion2|修筑一座奥丁神庙（转换信仰）
mno_center_build_religion3|修建一座基督教堂（转换信仰）
mno_center_build_religion4|修建一个诺尔斯神龛（转换信仰）
mno_center_build_herreria|修建一间铁匠铺
mno_center_build_guilds|修建一个商业行会
mno_center_build_library|修建一座缮写室
mno_center_build_slavemarket|建立一个奴隶市场。
mno_center_kill_slavemarket|拆除奴隶市场。
mno_center_build_brewery|建造一个酒馆。
menu_remove_slaves|你真的希望把奴隶贩子以他们不神圣的行为为由从你的城镇里赶出去吗？请注意这会在一定时间内减少你的城镇收入。
mno_remove_slaves|离开。
menu_center_improve|{s19}队员中最高工程技能为{reg2}级，由此{reg3?你预期:{s3}预期}建造{s4}要花费{reg5} 先令，升级需要{reg6}日。
mno_improve_cont|去{s15} ……
mno_improve_not_enough_gold|我没有足够的钱。
menu_town_bandits_succeeded|你干掉了强盗，如同横扫草芥！你再次孤身一人站在街头，在你的周围散布着强盗们的尸体，看到这一幕，他们的残党惊慌地四散而去，消失在街道深处。搜寻尸体后你发现了一袋钱，或者它属于前一个无辜的牺牲者，或者是有人想要买你的命。{s33}
mno_reveal|尝试找出谁买下了你的人头。
menu_village_force_convert_confirm|这将花费5小时的时间找遍整个村子，找出所有的异端分子，而且强迫他们放弃他们的错误信仰。
mno_village_force_convert_confirm|离开。
menu_village_steal_cattle_confirm|队员中最高掠夺技能为{reg2}级，由此{reg3?你预期:{s1}预期}你最多可以偷到{reg4}头牛。
mno_village_steal_cattle_confirm|继续……
menu_village_take_food_confirm|强迫农民们准备好补给品需要花费至少一个小时。
mno_village_take_food_confirm|可以。
menu_village_take_food|村民们勉强交出了一些给养。
mno_take_supplies|带走。
mno_let_them_keep_it_2|让他们留着。
menu_village_start_attack|一些村民拿起农具准备抵抗你的掠夺。
mno_village_raid_attack|镇压他们。
mno_village_raid_leave|离开。
menu_village_raid_villagers_toslaves|你想把村民如动物般屠戮净尽，还是把他们掳为奴隶？
mno_villagers_slaves|带上所有村民作为奴隶！
mno_no_cancel|不，收回成命。
menu_village_loot_no_resist|村民们在你的军队前望风而逃，但是你的士兵把他们抓住了，村庄由你控制了。
mno_village_plunder|掠夺村庄，然后将其夷为平地。
mno_village_enslave|奴役村民。
mno_take_supplies1|取补给品。
menu_village_loot_no_resist_population_flee|多数村民们在你的军队前望风而逃，村民求你手下留情。
mno_village_lootflee|掠夺村庄，然后摧毁它。
mno_take_supplies1flee|获取补给。
mno_village_raid_leaveflee|独自离开这个村子。
menu_village_loot_complete|遵照你的命令，你的部队洗劫了村子，带走了所有有价值的器件，然后把房屋付之一炬。你从洗劫所得中分得了{reg1} 先令。
menu_village_loot_defeat|村民们以极大的勇气和决心，团结一致，赶跑了你的军队。
menu_village_loot_continue|你还想继续洗劫这个村子吗？
mno_lootvillage_yes|是的。
mno_lootvillage_no|不。
menu_close|没事。
mno_castle_castle|去宫殿。
mno_castle_castle_door|去宫殿门口。
mno_join_tournament|加入比赛。
mno_town_castle|去宫殿。
mno_town_castle_door|去宫殿门口。
mno_town_center|去街上转转。
mno_town_center_door|去城镇中心。
mno_town_tavern|去蜜酒厅。
mno_town_tavern_door|去酒馆。
mno_town_merchant|与商人交谈。
mno_town_merchant_door|去商人那儿。
mno_town_arena|进入竞技场。
mno_town_arena_door|去训练场。
mno_town_dungeon|永无可能：进入地牢。
mno_town_dungeon_door|去地牢。
mno_castle_inspect|视察城堡。
mno_castle_inspect_door|离开。
mno_town_enterprise|访问你的农场。
mno_town_enterprise_door|去你投资的工场。
mno_visit_lady|尝试拜访一位女士。
mno_visit_lady_door|去花园。
mno_trade_with_merchants|去市场。
mno_travel|旅行到另一个港口。
mno_travel_door|装备你的部队。
mno_walled_center_manage|管理这个{reg0?城镇:城堡} 。
mno_walled_center_move_court|移都到这里。
mno_castle_station_troops|管理{s10}驻军
mno_castle_wait|在这里休息一会儿{s5} 。
mno_castle_wait_door|休息。
mno_town_alley|招募潜在兵种。
mno_town_visit_port|去城镇港口。
mno_banquete_mead|为我的手下在{reg0?城镇:城堡}举行庆功宴，购买酒和食物。
mno_banquete_mead_door|扬帆起航。
mno_set_sail|从港口起航。
mno_set_sail_door|扬帆起航。
mno_town_leave|离开……
mno_town_leave_door|离开此地。
menu_cannot_enter_court|领主的大厅里正在举行一场宴会，但是你还没有足够资格进入。或者想办法增加声望来赢得入场劵，或者在竞技大会上胜出也是个捷径。
menu_lady_visit|你想要拜访谁呢？
mno_visit_lady_1|拜访{s12}
mno_visit_lady_2|拜访{s12}
mno_visit_lady_3|拜访{s12}
mno_visit_lady_3_door|花园大门。
mno_visit_lady_4|拜访{s12}
mno_visit_lady_5|拜访{s12}
mno_visit_lady_6|拜访{s12}
mno_visit_lady_7|拜访{s12}
mno_visit_lady_8|拜访{s12}
menu_town_tournament_lost|你在竞技大会中被淘汰了。{s8}
menu_town_tournament_won|你在{s3}的竞技大会中获得了优胜！听到周围的人们高呼着你的名字，你感到无限荣耀。除此之外，你还获得了{reg9} 先令的奖金。
menu_town_tournament_won_by_another|作为当日最终胜利的{reg3?人:人} ，{s1}赢得了该场竞技大会的奖金以及荣誉。
menu_town_tournament|{s1}你现在处于竞技大会中的第{reg0}轮，现在还剩有{reg1}名参与者。下一轮中，将会有{reg2}队，其中每队有{reg3}{reg4?人:人}参加战斗。
mno_tournament_view_participants|查看参与者名单。
mno_tournament_bet|在自己身上下注。
mno_tournament_join_next_fight|进入下一轮。
mno_leave_tournament|从竞技大会中退出。
menu_tournament_withdraw_verify|你确认要从竞技大会中退出吗？
mno_tournament_withdraw_yes|是的，这是毫无希望的努力。
mno_tournament_withdraw_no|不，只要还有一丝机会胜利！
menu_tournament_bet|现在的比率是{reg5}比{reg6} 。{reg1?你已经在你身上下了{reg1} 先令的赌注，如果你胜出的话，你会赢得{reg2} 先令。:}你想下多少赌注？
mno_bet_100_denars|100先令
mno_bet_50_denars|50先令
mno_bet_20_denars|20先令
mno_bet_10_denars|10先令
mno_bet_5_denars|5先令
menu_tournament_bet_confirm|如果你下{reg1} 先令的赌注并且赌中的话，你会得到{reg2} 先令。决定了吗？
mno_tournament_bet_accept|可以。
mno_tournament_bet_cancel|算了。
menu_tournament_participants|你从一位正在哭泣的失败者那里打听到了这场竞技大赛中参与者的名单。他们是：^{s11}
menu_collect_taxes|队员中最高交易技能为{reg2}级，由此{reg3?你预期:{s1}预期}需要{reg4}天来完成征税……
mno_start_collecting|开始征收。
mno_collect_later|待会再说。
menu_collect_taxes_complete|你已经在{s3}收集完{reg3} 先令的税金。{s19}看到你把这笔钱交给他会很开心的。
menu_collect_taxes_rebels_killed|你成功地镇压了反抗。任何想站起来反抗的人将会惧怕并再三考虑的。
menu_collect_taxes_failed|在村民们暴动之前，你只能在{s3}收到{reg3} 先令的税。{s1}不会开心的，不过这总比什么都没有好……
menu_collect_taxes_revolt_warning|{s3}的人们对你要求的高税款表示强烈的义愤。如果你继续压迫他们，他们将准备起来反抗。
mno_continue_collecting_taxes|依然像以前那样征税。
mno_halve_taxes|同意减轻一半的税款。（{s1}也许会不满）。
menu_collect_taxes_revolt|当你在{s3}收取税款的时候，突然看见一大群愤怒的{reg9?农民:居民}已经对你提出的高税款忍无可忍，正挥舞着火把和武器逐渐向你逼近。这是要向你开战！
menu_train_peasants_against_bandits|队员中最高训练技能为{reg2}级，由此{reg3?你预期:{s1}预期}需要{reg4}小时来进行理论讲解，使这些农民变成英勇的战士。在这期间他们将会学到战斗的基本知识以及如何去沉着冷静地应对一切战斗。
mno_make_preparation|训练他们。
mno_train_later|待会再说。
menu_train_peasants_against_bandits_ready|你对那些农民们进行了一些最基本的训练，你认为他们中的{reg0}人{reg1?已经:已经}完全地掌握了训练的内容，{reg1?他们:他}已经准备好进行实战演习了。
mno_peasant_start_practice|开始演习。
menu_train_peasants_against_bandits_attack|当你准备继续训练的时候，一个从村子里来的卫兵向你奔来，呼喊着告急。那些强盗已经出现在视野里，奔向{s3} 。村长恳求你组织那些你训练的民兵去抵抗他们。
mno_peasants_against_bandits_attack_resist|准备开战吧！
menu_train_peasants_against_bandits_success|这些强盗被打败了！那些还活着的和意识还清醒的都夹着尾巴逃跑了，他们惧怕这些农民和他们的新教官。经过他们的抢劫以后，村民几乎没有什么东西剩下了，但他们还是拿出了任何他们有的东西以表达感激之情。
menu_loot_options|战斗结束了。你想怎么处理这些战利品？
mno_loot_0|像平常一样分配战利品。
mno_loot_1|自己先挑选战利品。
mno_loot_2|把所有的战利品留给你的手下。
mno_loot_3|留下战利品，并花些时间来埋葬死者。
menu_landing_point_encounter|你要下船吗？
mno_disembark_no|不。
menu_landet_ships_encounter|你要上船吗？
mno_reembark_no|不。
menu_ferry_encounter|渡船的主人会以{reg7} 先令的报酬把你送到另一边。
mno_back|返回。
menu_port_encounter|你发现了{s2}的港口。{s3}
mno_attack|进攻。
mno_merge|合并船队。
menu_center_reports|城镇名：{s1}^地租：{reg1} 先令^关税：{reg2} 先令^储粮可维持{reg3}天
mno_to_price_and_productions|报告价格与产品。
menu_price_and_production|产品有：^（提示：基础的/ 原材料加工而来的/ 材料加工并加以修饰的)^{s1}^^价格因素有：^{s2}
menu_town_trade|你向市场走去。
mno_assess_prices|估价。
mno_trophies|出售你的战利品。
mno_highking_trophies|兑现你的至高王奖杯。
mno_trade_with_arms_merchant|与武器商人交易。
mno_trade_with_armor_merchant|与盔甲商人交易。
mno_trade_with_horse_merchant|与马匹贩子交易。
mno_trade_with_goods_merchant|与杂货商人交易。
mno_back_to_town_menu|返回。
menu_trophy_premium|你出售了战利品，获得了金钱和经验。
mno_premium_a|交易你的战斗战利品。
mno_premium_b|交易你的战争战利品。
mno_premium_c|交易你的史诗战利品。
menu_trophy_hihgking_premium|至高王奖杯是令人垂延的宝物，因为它们只属于那些能够把众多领地收于旗下的强大的领主，兑换掉它能够带来大量的金钱和经验。
mno_premium_norse|兑换诺尔斯国王奖杯
mno_premium_cymry|兑换布立吞国王奖杯
mno_premium_irish|兑换戈伊德尔大首领奖杯
mno_premium_saxon|兑换盎格鲁国王奖杯
menu_town_trade_assessment_begin|你偶然听到了一些关于物品价格的情报。^你试着从这些情报中寻找到一些有用的东西。
menu_town_trade_assessment|队员中最高交易技能为{reg2}级，{reg3?你尝试算出:{s1} 尝试算出} 利润最高的商品。{s2}
menu_sneak_into_town_suceeded|假装成穿着破烂的朝圣者，你骗过了守卫，顺利的混入城里。
menu_sneak_into_town_caught|在你尝试溜进去时，一名守卫发现了你并发出了警报！你必须在所有守卫都开始搜捕你之前从大门逃出去。
mno_sneak_caught_fight|杀出一条血路！
mno_sneak_caught_surrender|投降。
menu_sneak_into_town_caught_dispersed_guards|你轻易的甩掉了守卫，消失在街道的深处。
menu_sneak_into_town_caught_ran_away|你杀开一条血路终于夺关而走，迅速逃到了郊外的安全地带。{s11}
menu_enemy_offer_ransom_for_prisoner|{s2}想用{reg12} 先令与你交换{s1} 。
mno_ransom_accept|接受这个建议。
mno_ransom_reject|拒绝这个建议。
menu_training_ground|你到达了训练场。在这里你可以提升你的战斗技巧。你想要进行哪种训练？
mno_camp_trainer|和教练交谈。
mno_camp_train_melee|对战练习。
mno_camp_train_archery|射击练习。
mno_camp_train_mounted|骑乘练习。
menu_training_ground_selection_details_melee_1|你想要同时面对几个对手？
mno_camp_train_melee_num_men_1|一。
mno_camp_train_melee_num_men_2|二。
mno_camp_train_melee_num_men_3|三。
mno_camp_train_melee_num_men_4|四。
mno_cancel_dot|取消。
menu_training_ground_selection_details_melee_2|选择你的{reg1}号对手：
mno_training_ground_selection_details_melee_random|随机选择。
menu_training_ground_selection_details_mounted|你想要用哪种武器进行训练？
mno_camp_train_mounted_details_1|单手武器。
mno_camp_train_mounted_details_2|长杆。
mno_camp_train_mounted_details_3|弓箭。
mno_camp_train_mounted_details_4|投掷。
menu_training_ground_selection_details_ranged_1|你想要用哪种远程武器进行训练？
mno_camp_train_ranged_weapon_bow|弓和箭。
mno_camp_train_ranged_weapon_crossbow|弩。
mno_camp_train_ranged_weapon_thrown|飞刀。
menu_training_ground_selection_details_ranged_2|你想要在距标靶多远的距离练习？
mno_camp_train_ranged_details_1|10码。
mno_camp_train_ranged_details_2|20码。
mno_camp_train_ranged_details_3|30码。
mno_camp_train_ranged_details_4|40码。
mno_camp_train_ranged_details_5|50码。
mno_camp_train_ranged_details_6|60码。
mno_camp_train_ranged_details_7|70码。
menu_training_ground_training_result|{s7}{s2}
menu_marshal_selection_candidate_ask|{s15}很快就要为{s23}选出新元帅。一些领主推荐你为候选人。
mno_marshal_candidate_accept|让{s15}知道你想以元帅之职为其效忠。
mno_marshal_candidate_reject|告诉所有人你这几天很忙。
menu_captivity_start_wilderness|返回
menu_captivity_start_wilderness_surrender|返回
menu_captivity_start_wilderness_defeat|你被敌人俘虏了。
menu_captivity_start_castle_surrender|返回
menu_captivity_start_castle_defeat|返回
menu_captivity_start_under_siege_defeat|你被敌人俘虏了。
mno_continue1|继续……
menu_captivity_wilderness_check|返回
menu_captivity_end_wilderness_escape|经过了几天痛苦的俘虏生活。你找了个机会逃跑了！
menu_captivity_castle_taken_prisoner|卫兵们包围了你，夺下了你的武器。他们咒骂着把你丢进了地牢，接下来有你受的了。
menu_captivity_rescue_lord_taken_prisoner|你在自己的身份暴露之前一直伪装成朝圣者，这激怒了那些守卫。他们狂暴而粗鲁地痛打你，不知道过了多长时间以后才停息下来……
menu_captivity_castle_check|返回
menu_captivity_end_exchanged_with_prisoner|经过了数天的关押，抓你的人用你交换了一名俘虏，你自由了。
menu_captivity_end_propose_ransom|你在阴暗的地牢中不知道呆了多久，抓你的人提供了一个选择：从你藏钱的地方交出{reg5} 先令，他们就会放了你。你决定……
mno_captivity_end_ransom_accept|接受这个建议。
mno_captivity_end_ransom_deny|拒绝他，等待更好的机会。
menu_captivity_castle_remain|时光流逝，你在监牢里痛苦的忍受着被囚禁的痛苦，还有轻蔑的笑话……
menu_kingdom_army_quest_report_to_army|{s8}邀请你一起去参加{reg4?她:他} 的远征。你需要带上至少{reg13}名战士，如果现在不够的话，你需要尽快达到要求的人数。
menu_kingdom_army_quest_messenger|{s8}派信使来告诉你，他要给你指定一个任务，并要求你尽快去见他。
menu_kingdom_army_quest_join_siege_order|{s8}派信使来命令你加入对于{s9}的围攻。不论付出多大的代价都必须拿下{s9} 。
menu_kingdom_army_follow_failed|你和{s8}走散了。元帅认为你可能另有要务，不过他对于你的支持还是表示感激。
menu_invite_player_to_faction_without_center|你收到了一份封臣的邀请！^^{s9}的{s8}派遣了一个王家信使来亲自递送这份邀请。你将成为{s9}的一位封臣，从此冠以{阁下/女士}的称呼，但是并没有给予你封地以及额外的头衔，当然作为回报{s8}要求你宣誓对他效忠并与他一起加入他的远征。虽然他没有许诺封地和头衔，但如果你拒绝这个请求的话，他无疑会感到冒犯的……
mno_faction_accept|接受邀请！
mno_faction_reject|拒绝邀请。
menu_invite_player_to_faction|你收到了一份封臣的邀请！^^{s9}的{s8}派遣了一个王家信使来亲自递送这份邀请。你将成为{s9}的一位诸侯，从此被人以{阁下/ 女士}称呼，但是并没有给予你封地以及额外的头衔，当然作为回报{s8}要求你宣誓对他效忠并与他一起加入他的远征。他许诺给你{s2}的封地和头衔，如果你不同意这个请求的话他一定会被激怒的……
menu_invite_player_to_faction_accepted|为了成为一名封臣，你必须向{s3}宣誓效忠。你必须找到他并当面发誓。{s5}
menu_question_peace_offer|你收到了一份停战的邀请^^{s1}发给你一份停战邀请。你将如何回复？
mno_peace_offer_accept|接受
mno_peace_offer_reject|拒绝
menu_notification_sortie_possible|敌报：已经在{s4}的城墙外发现敌人。{s5}和其他领主正准备出击。如果愿意的话你可以加入他们。
menu_notification_casus_belli_expired|王国没有回应^^{s1}没有回应{s2}的挑衅，这导致{s3}在{reg4?她:他}手下的好战派中威信扫地……^
menu_notification_lord_defects|背叛：{s4}已经抛弃了{s5}并且加入了{s7} ，带着{reg4?她:他}的封地一起
menu_notification_treason_indictment|叛国控告^^{s9}
menu_notification_border_incident|边界冲突^^有消息传来，{s9} 。虽然传言真假未知，但有件事是确定的——这件看来很小的事件在{s4}内部已经掀起轩然大波，使得与{s3}的战争一触即发……
menu_notification_player_faction_active|现在，这片土地被冠以你的名字，而不跟其他王国有任何关系。你成为了一位能独立行使权力的君王，你的宫廷暂时坐落在{s12} 。然而，在北地的其他国王的第一反应，就是把你当做一个威胁，因为，如果每一个强势的军阀都可以夺取王位，那么国王的权威肯定会受到质疑。^^你可能会觉得这个时候宣誓效忠于一个现有的国家，是个非常不错的选择。如果你想继续当一个拥有主权的君王，那么首先你必须建立自己独立的统治权。这可以通过多个办法进行，比如与出身高贵的家族联姻，吸纳新的领主，管理你的领地，应付其他国王，以及派遣你的盟友去执行任务。^^无论如何，你首先要从你的同伴当中，任命一位首相，来处理各种事务。不同的同伴有不同的才能。^你可以不时地更换你的首相人选，还可以通过与首相对话，改变你的宫廷的所在地。
mno_appoint_spouse|任命你的夫人，{s10}……
mno_appoint_npc1|任命{s10}
mno_appoint_npc2|任命{s10}
mno_appoint_npc3|任命{s10}
mno_appoint_npc4|任命{s10}
mno_appoint_npc5|任命{s10}
mno_appoint_npc6|任命{s10}
mno_appoint_npc7|任命{s10}
mno_appoint_npc8|任命{s10}
mno_appoint_npc9|任命{s10}
mno_appoint_npc10|任命{s10}
mno_appoint_npc11|任命{s10}
mno_appoint_npc12|任命{s10}
mno_appoint_npc13|任命{s10}
mno_appoint_npc14|任命{s10}
mno_appoint_npc15|任命{s10}
mno_appoint_npc16|任命{s10}
mno_appoint_default|任命当地的杰出人才……
menu_minister_confirm|{s9}正在你{s12}的大厅里。你应该不时向大臣咨询意见，以免悬疑不决的事项削弱你的权力。
menu_notification_player_faction_deactive|你的王国失去了所有的领地。
menu_notification_player_wedding_day|{s8}想告诉你，你在{s10}即将举行的婚礼已经准备就绪，望你尽快出席。
menu_notification_center_under_siege|{s1}被{s3}的{s2}围攻了！^^城镇被敌人围攻，守军有足够的防御，他们希望能够抵挡敌军。
menu_notification_village_raided|敌人袭击了你的领地^^{s1}被{s3}的{s2}洗劫了！
menu_notification_village_raid_started|你的村子正受到袭击！^^{s3}的{s2}正在破坏{s1} 。
menu_notification_one_faction_left|北地被一个王国征服了。^^{s1}打败了所有对手并建立了一个统一的王国。^^你是不列颠之王！
menu_notification_oath_renounced_faction_defeated|你从前所属的势力被击败了^^你在与{s1}的战斗中取胜了！你从这个势力中脱离了出去。
menu_notification_center_lost|领地失去^^因为{s2}你失去了{s1} 。
menu_notification_troop_left_players_faction|背叛！^^{s1}从{s2}离开了，并加入了{s3} 。
menu_notification_troop_joined_players_faction|好消息！^^{s1}从{s2}离开了，并加入了{s3} 。
menu_notification_war_declared|宣战^^{s1}向{s2}宣战！！^{s57}^^铁匠们停止生产犁转而锻造剑与矛。战争爆发了！
menu_notification_peace_declared|和平协议^^{s1}和{s2}达成了和平协议！^{s57}^^两国军队停止了战斗，这或许只是暂时的停战，另外一场战争正在酝酿，也可能是真挚而又持久的友好关系。
menu_notification_alliance_declared|结盟协议^^{s1}和{s2}结成了联盟^{s57}^^两国将他们的命运结合在一起，更加强大起来了。
menu_notification_alliance_offer|{s1}想和你组成联盟，你的答复是？
mno_offer_accept|接受
mno_offer_reject|拒绝
menu_notification_kingdom_reborn|暴动！^^人们打败了{s13} 并拿走了他们的武器，{s14} 把领地从{s12} 手中抢走了。{s13} 已经被重建！国王万岁！
menu_notification_center_restoration|当地暴动！^^{s12} 的人民拿起了武器并恢复了{s11}。
menu_notification_faction_defeated|阵营覆灭^^{s1}不再存在了。
menu_notification_rebels_switched_to_faction|成功叛变^^你的叛变十分成功！现在你的势力将{s12}尊为{s11}唯一的统治者。
menu_notification_player_should_consult|你的首相传话来说，王国内部有些问题正在酝酿，如果不及时处理的话会逐渐威胁到你的王权。你必须尽早与他进行磋商。
menu_banquete_moral|你命令士兵们卸下武器，然后邀请他们进入大厅，并且逐级而座，最亲密的人则坐在你最近。^女佣们以丰盛的菜肴和蜜酒款待着来宾。你为这场盛宴支付了一笔巨额的账单，不过你认为你的部下们应当享有这一切。^因为他们是与你同生共死、助你横扫千军的人，他们也是对你无比忠诚的追随者。^夜深了，许多人喝得烂醉如泥，有的又叫又唱，而一些人呕吐不止，其他人则为了吸引姑娘们的青睐而像斗鸡一样打闹。^在你背后，吟游诗人歌颂着你的丰功伟绩和英雄荣耀。你像领主一样行动，你也确实是个领主，一个“牧人”。
mno_banquete_ok|你与士兵们一起大喝大笑大叫。
mno_banquete_ok2|你打算保持清醒，细细品尝佳酿，直到你微醉为止，而不超出分量。
menu_comprar_cattle2|总共有{reg5}头牛，每头{reg6} 先令。您想买多少？
mno_cattle_okc|1头。
mno_cattle_ok2c|5头。
mno_cattle_ok3c|算了。
menu_notification_lady_requests_visit|一位老妇人找到了你的部队，给了你手下一封纯蜡密封着的信。地址是写给你的。当你打这封信时，发现是{s15}写来的。上面说：“上次来访，相聚甚欢。{s14} 。我现在{s10} ，{s12} 。”
mno_continuewo|让那个女人通知她的女主人，你很快就会来的。
mno_continuewo2|让那个女人通知她的女主人，你不愿意。
mno_nurse|在泉水边等待
mno_nurse2|在泉水边等待
menu_kill_local_merchant_begin|你发现了你的目标，他转弯走进了一条背街的巷子。这将是你发起袭击的最好时机。
menu_debug_alert_from_s65|调试警报：{s65}
menu_auto_return_to_map|树桩
mno_continue_1l|进攻贼巢……
mno_trade_withbanditsl|把赃物卖给强盗。
mno_leave_no_attackl|离开……
mno_leave_victoryl|继续……
mno_leave_defeatl|继续……
menu_notification_player_faction_political_issue_resolved|经过和王国贵族们的商议，{s10}已经决定授予{s12}{s11} 。
menu_notification_player_faction_political_issue_resolved_for_player|经过和王国贵族们的商议，{s10}已经决定授予你{s11} 。你可以拒绝这项任命，但是这也许意味着短时间内你不会再收到其它任何授予。{s12}
mno_accept|接受任命
mno_decline|拒绝任命
menu_establish_court|如果你要将{s4}建为自己的都城，就需要把它翻修一番。具体来说，你需要一套工具以及一些银子，也许你的追随者还需要花点时间来重新部署。你要继续吗？
mno_establish|将{s4}建为你的都城
mno_hold_off|等等…… 
menu_notification_relieved_as_marshal|{s4}想要通知你不再需要继续担当元帅之职了。不过，在过去的{reg4}天里，你勇于维护国家的利益，为了表示对你的敬意，{reg8?她:他}赏赐给你{reg5} 先令。
menu_monasterio_visit|你来到了一所修道院。这里占地广阔，附有一个教堂，供给修道士和他们仆人的房间，以及一个带牲畜圈的园地，这个地方富得流油！^^{s13}
mno_enter_interiorm|拜访院长。
mno_enter_interiorm_door|前往院长处。
mno_entermo|参观修道院。
mno_entermo_door|离开。
mno_monasterio_recruitm|询问是否有人想要加入你的部队。
mno_donatemo|祈祷并捐赠表示敬意。(500先令)
mno_aprender_leermo|学习如何阅读。(4000先令)
mno_convertirmo|转信基督教。
mno_camp_wait_heremo|等待一段时间。
mno_pillage_monasterymo|抢劫修道院。
mno_leavemo|离开。
menu_paganholysites_visit|你来到了一个神庙。在这个地方，古老的斯堪的纳维亚神在这里被崇拜。这个地方存着大量的财富！^^{s13}
mno_enter_hofho|进入神庙。
mno_enter_hofho_door|离开。
mno_hof_recruitho|尝试招募狂战士。
mno_donate_hofho|向神庙捐款(500先令) 。
mno_convertir_norsegho|转而跟随北欧众神。
mno_camp_wait_hereho|等待一段时间。
mno_pillage_hofho|掠夺神庙。
mno_leaveho|离开。
menu_saquear_monasterio|哪里有财富，哪里就有杀戮。你将手下缺少宗教约束的人派遣到{s3} ，不留活口，大肆掠夺。火焰与死亡在这里四处蔓延。你所掠夺的财产和战利品共值{reg3} 先令。^^{s7}^^{s4}^
mno_backho|离开此地。
menu_saquear_paganholysite|血与财富。那些你手下的毫无顾忌的战士们冲往{s3} ，杀死了每一个挡在他们路上的人并掠夺着财富。猖獗的火焰与死亡席卷了这个地方。通过这次掠夺你获得了{reg3} 先令。^^{s7}^^{s4}^
mno_backpa|离开此地。
menu_refugee_recruit_troops12|有一些寡妇和孤儿想要加入你，并且希望和你的战士们开始一段新的生活。
mno_acept_themmo|雇佣他们(20先令) 。
mno_back_to_town_menumo|回去。
menu_refugee_recruit_troops22|没人想要加入你。
menu_refugee_recruit_troops32|一些牧师和农民想要加入你的部队。
mno_acept_themmo2|雇佣他们。(60先令)
menu_refugee_recruit_troops42|一些教士和年轻的勇士想要加入你的部队。
mno_acept_themmo3|雇佣他们。(400先令)
menu_berserker_recruit_2troop|这里有两个狼皮狂战士可以加入你的部队。
mno_acept_thempa|欢迎他们！
mno_back_to_town_menupa|回去。
menu_berserker_recruit_troop|这里有两个狂战士可以加入你的部队。
mno_acept_thempa2|欢迎他！
mno_back_to_town_menupa2|回去。
menu_nonberserker_avaiable_troop|狂战士们并不愿意加入你的部队。
menu_nonberserker_renown_low|你看起来像一个乞丐，并不像是一个值得追随的领主。你需要更多的声望（大于150） 才能让狂战士加入你的部队。
menu_panel_comandante|开始战斗前……
mno_choice_1comm|用振奋人心的演讲来激励你的士兵。
mno_choice_2comm|以荣誉之名，向敌人发起决斗。
mno_choice_3comm|游击：派你的人去搅扰敌军的前进。
mno_choice_4comm|向众神献祭。
mno_choice_5comm|算了。
menu_escaramuza_1|长官，不好了！敌军指挥官破解了你的战术，我们还被敌人的远程部队打了个措手不及。^^我军伤亡人数：{s8}
mno_damn|该死！
menu_escaramuza_2|我们的士兵早已悄悄埋伏在对方附近的盲点处，很顺利地接近敌人并发动了奇袭，重创了他们。^^敌军伤亡人数：{s9}
mno_defendiendo_2e|干得漂亮。
menu_escaramuza_3|我们的士兵在靠近敌军的时候，发现了对方的指挥官已部署好了远程部队来掩护其余士兵的前进。为了避免不必要的伤亡，我们的士兵放弃攻击并迅速撤退。
mno_defendiendo_3e|是的。
menu_lucha_2_no|看来对方无人应战。
mno_defendiendo_4e|后退。
menu_lucha_1_d|一名敌军武士单枪匹马走向你的军队，几乎进入了你们投石射程之内。他将脖子上的羊皮脱下，可以看到他正在跳跃准备热身。他把斗篷甩到一边，脱掉长袍和靴子后近乎全裸，只拿着盾牌和长矛。他是敌人中的冠军武士，指着你的军队向你们发起挑战。^^你还没来得及开口，一个家伙从队列中跑出来。他既不是老兵也算不上很有实力的人，但他非常勇敢。^^你的武士，你的冠军武士向敌人前进。他们相互绕着圈子对峙，模仿着对方的行动。你的武士的神经终于崩溃，他开始放低盾牌用长矛不停猛戳，而敌方武士则抓住这个机会，迅速将长矛刺入你的武士的心脏……^^你输掉了决斗。
mno_defendiendo_5e|后退。
menu_lucha_2_v|你的武士走出队伍大摇大摆地晃到敌人军前，转身掀起衣服，对着敌人撅起屁股。敌人的冠军武士愤怒地冲向他，扔出一根标枪，落在了离你武士几步远的地方，随后敌人的武士拔剑怒吼着向你的武士冲来。^^你的武士迅速做好迎战准备，攥着长矛等待敌人。两个武士都用自己的盾牌相互撞击，想让对方先露出破绽。^^仔细看，你看到了决斗中的第一滴血，直到最后一滴，是你的武士把长矛捅进了敌人的嘴里。你的武士屏住呼吸然后转身大喊:“我可不是能一口吃下的！”^^你赢得了决斗。
mno_defendiendo_6e|后退。
menu_lucha_1_p|对方首领走出队列用手指着你，要你和他决斗。
mno_defendiendo_7e|接受。
mno_defendiendo_8e|后退。
menu_sacrificio_off|神明仍然对你的祈祷和牺牲缄默不语。
mno_sacri_1s|后退。
menu_sacrificio_1|宰杀掉的动物的内脏中都是蛆虫，这是一个不祥之兆。^^也许今天不应该出战。
mno_sacri_1s2|后退。
menu_sacrificio_2|当你看着被宰杀的动物流血时，一名士兵指向天边，发现有一只叼着蛇的鹰。真是个好兆头。^^进攻的时机已经成熟。
mno_sacri_1s3|后退。
menu_sacrificio_3|当你把匕首刺进牲口的脖子时，它从你的手下挣脱出去跑了几步后倒在地上，面向着敌军。这只能是一个不祥的征兆。^^也许今天不该作战。
mno_sacri_1s4|后退。
menu_sacrificio_4|当挖开被屠宰动物的肠子时，你发现了一个银吊坠环。这肯定是个好兆头。^^你已准备好作战。
mno_sacri_1s5|后退。
menu_discurso_off|你上前一步想说出些居高临下的话，但是没用，你的神经太脆弱，你一个字也说不出来。
mno_defendiendo_1_bd|后退。
menu_discurso_1|你在队伍中前进，向士兵们演讲，你看着每一名士兵的眼睛，试着传达这个时刻非同寻常的意义：^^“当村庄里年轻的小伙子和漂亮姑娘们问起你的伤疤时，你可以告诉他们，你是一名全不列颠和爱尔兰最伟大的将领所率领的军队中的战士。”
mno_defendiendo_1_cd|精彩的演讲，后退。
menu_discurso_2|你在队伍中前进，向士兵们演讲，你看着每一名士兵的眼睛，试着传达这个时刻非同寻常的意义：^^“当村庄里年轻的小伙子和漂亮姑娘们问起你的伤疤时，你可以告诉他们，你是一名全不列颠和爱尔兰最伟大的将领所率领的军队中的战士。”
mno_defendiendo_1_dd|一般的演讲，后退。
menu_discurso_3|你在队伍中前进，向士兵们演讲，你看着每一名士兵的眼睛，试着传达这个时刻非同寻常的意义：^^“想想看，在不列颠，那些胆小鬼们和老弱病残放羊，种地，流尽血汗，能得到什么？什么也没有！他们就像畜牲一样活着！今天我们作为自由人站在这里，真正的事业正要开始，我们的汗水和鲜血正在沸腾，为了什么？为了荣誉！为了光荣！为了财富！”
mno_defendiendo_1_ed|好的演讲，后退。
menu_discurso_4|你在队伍中前进，向士兵们演讲，你看着每一名士兵的眼睛，试着传达这个时刻非同寻常的意义：^^“在我们所穿越的土地上，在我们直面命运的战场上，在此时此刻，即便当我们所有人的生命都消逝了很久，人们仍然会在歌中传唱我们的名字。他们要歌颂我们在这个战场上创造的伟大和荣耀！”？
mno_defendiendo_1_fd|好的演讲，后退。
menu_discurso_5|你在队伍中前进，向士兵们演讲，你看着每一名士兵的眼睛，试着传达这个时刻非同寻常的意义：^^“兄弟们！你们生而成长为一个男人，昨天我们进军，今天我们将要战斗！今天我们要让敌人流血，让他们溃不成军。今天我们要粉碎敌人的盾牌。你们所经历过的每一天注定了今天的成就。今天我们像兄弟一样战斗，今夜我们要在敌人的桌子上举办盛宴！”
mno_defendiendo_1_gd|好的演讲，后退。
menu_discurso_6|你在队伍中前进，向士兵们演讲，你看着每一名士兵的眼睛，试着传达这个时刻非同寻常的意义：^^“战士们！我的兄弟们！瞧，我们已经走了这么多天，而战利品正等待着你们！财富，荣耀，都来自于敌人的痛苦呻吟！现在前进！向命运前进！夺取你的战利品！战斗！战斗！战斗！”
mno_defendiendo_1_hd|后退。
menu_discurso_7|你在队伍中前进，向士兵们演讲，你看着每一名士兵的眼睛，试着传达这个时刻非同寻常的意义：^^“朋友们！听我说！今天就是用我们敌人的血写下曲谱的时候！你们是自由的人！任何人都不可侵犯我们的土地，勇敢地站出来。在我们面前是巨大的挑战，但他们不是为了自己的家园而战，而是在掠夺你们的土地。他们一定会失败！准备好你的长矛！坚持住，永不屈服！懦夫没有荣誉！战斗至死，决不屈服！”
mno_defendiendo_1_id|好的演讲，后退。
menu_discurso_8|你在队伍中前进，向士兵们演讲，你看着每一名士兵的眼睛，试着传达这个时刻非同寻常的意义：^^“士兵们，我们正站在敌人的面前，准备好战斗。拿好你的剑！握紧你的枪！这个盾墙就是我们的家园，让我们欢迎敌人吧！让他来！让盾墙迎接他们！我们需要力量和勇气。在盾墙后坚守，我的兄弟们。我知道，在每个人的胸中都燃烧着怒火，以至于我敢说这些盾墙保护的是敌人而不是我们！我们的命运就是荣耀！没有人可以将它夺走！”
mno_defendiendo_1_jd|好的演讲，后退。
menu_discurso_9|你在队伍中前进，向士兵们演讲，你看着每一名士兵的眼睛，试着传达这个时刻非同寻常的意义：^^“来吧，男子汉们，让我们在战场上面对我们的敌人！只要有你们这样的人，在这些胆小鬼面前，我们的盾牌永远不会被打破！像古代的英雄，让我们去屠杀敌人，每个人都会成为英雄，每个人都是一个真正的男人！这一天，我们将让乌鸦饕餮大餐！”
mno_defendiendo_1_kd|好的演讲，后退。
menu_discurso_10|你在队伍中前进，向士兵们演讲，你看着每一名士兵的眼睛，试着传达这个时刻非同寻常的意义：^^“记住你们的孩子和妻子，记住你的家庭和你的祖先，记住你的神，记住一切，为了我们今天的战斗。我们来这里是为了建设一个更美好的世界！我们的对手不仅对此非常明了，而且害怕我们的决心。他们怕得直尿裤子，颤抖不止，根本无法抓住一根长矛。男子汉们！我与你们，与剑和盾牌，流血流汗，自豪地并肩作战，我们的命运在等待着我们。这是我们功成名就的时候了！”
mno_defendiendo_1_l|好的演讲，后退。
menu_discurso_11|你在队伍中前进，向士兵们演讲，你看着每一名士兵的眼睛，试着传达这个时刻非同寻常的意义：^^“让我们离开这个燃烧熊熊烈火的地方，转移到开阔的地方，站起来面对我们的敌人。死去的战士将与上帝同在。他是不死的，他的名字将成为荣耀。我将第一个冲锋，我做什么，你们就做什么。上帝为我作证，我永远不会离开你们，我的兄弟和骑士们！”。
mno_defendiendo_1_ll|后退。
menu_discurso_12|你在队伍中前进，向士兵们演讲，你看着每一名士兵的眼睛，试着传达这个时刻非同寻常的意义：^^“太阳将在今晚不再落下，为我们照亮敌人，而我们将如沐春风。可能你们在紧张发抖了，但他们不过是秋风中的瑟瑟落叶；我们咆哮的暴风雨将把他们粉碎在草地上，消失无踪。挥动你的长矛，像闪电一样击倒他们。这块土地是属于我们的——这些树林，这些山，这些田野——一季又一季，一年又一年，直到永远！”
mno_defendiendo_1_m|精彩的演讲，后退。
menu_doccinga_messenger|来了一个农民，赶着一匹肮脏的骡子。他在你面前停下，喘了口气然后大喊着说，^^“牛颈斯温正在前往道琴嘉，还带着三艘战船！索里克让我来警告你。{s4}不会来；他抛弃了我们！我会把消息传给其他的领主们，但他们都是丹麦人，不会真的为弗里斯人操心。我们需要您的帮助，救救我们的人民吧！”^^那个农民赶着骡子离开了。他的呼喊声“救救我们”仍然回荡在你的脑中……
mno_choice_01mess_1|继续
menu_doccinga_messenger2|一名信使飞奔而来，他在你面前停下，喘着粗气大喊着说：^^“索里克在道琴嘉正派人到处找你，{playername} 。他逮住了一名俘虏，那是在最近的战斗中听命于牛颈斯温的一个维京海盗。^他认为你会对审问俘虏很有兴趣，而且要求你尽快前往。在国王或者雅尔注意到此事之前，索里克不知道能关着这个俘虏多长时间。”
mno_choice_01mess2_1|告诉索里克，已收到消息。
menu_doccinga_c_assault|从道琴嘉附近的山坡上，你能看到村民们正在逃亡，而一些勇士和国王的士兵试图在海岸处建立一道盾墙，准备保护他们的财产，或者在最坏的情况下，掩护他们的家人撤离。^^远处海面上隐约有三艘维京战船，在这个距离上没法看清楚，但还是能够想象得到船上装满了维京战士。^^你不可抗拒地想起了之前牛颈斯温攻击你的船的情景。终于，维京大船又一次兵临城下。^^你注意到一个人从道琴嘉跑着离开了，他看起来像个士兵。他发现了你，正朝着你跑来……
mno_choice_01ass_1d|前往帮助道琴嘉，并且见见那个士兵。
mno_choice_doccinga|保存。
mno_encounter_save|我等会回来，道琴嘉还有时间。
menu_doccinga_c_assaultnoche|现在已经深夜，你的人也需要休息。明早再来。
mno_choice_01assault_3d|继续。
menu_noaccessallowed|在聚会上带太多人会让人们以为你要发起攻击而感到害怕。你现在必须把一些人留在营地。
mno_choice_01nall_3d|继续。
menu_doccinga_c_assault2|到达村庄时，你看到难民们正在排着长队逃离道琴嘉。他们带着所有的财产和拉车徒步离开，所以移动得很慢。如果你不去阻止维京人在海滩上登陆，所有的难民都会死在他们的剑下。
mno_choice_01ent_1e|迎战！
menu_doccinga_victory|血从你的手和肘部流下。你身边只有死亡，耳中充满死亡的呻吟。^^维京人被击败了，退回了大海，扔下了许多伤者和尸体，但是你们的代价也很惨重。^^牛颈斯温并不在场，这点很让你惊讶，这些明明就是他的船，但你的仇人上哪里去了？^^索里克的话在你的脑中浮现，也许是时候去拜访肯尼莫的雅尔了，他需要解释一些事情。
mno_choice_01vic_1|继续
menu_frisa_proscrito|肯尼莫的雅尔给你离开道琴嘉的时限结束了。现在你是弗里斯王国的一名罪犯。
mno_choice_01poc_1a|继续
menu_thiaderd_muerto|战斗很艰难，泰德的士兵如雄狮一样勇猛作战，但是你的人也设法解决他们了。^^泰德的尸体和他的战士们倒在一起。你该干的已经干完了；剩下的就是去掠夺泰德的营地，而营地就在前面。
mno_choice_01_1ath|继续
menu_thiaderd_battle|战斗无法避免。泰德看到了雷因哈德后勃然大怒，并下令攻击。
mno_choice_01_thiaderd|战斗！
mno_talk_to_thiaderd|和那些人交谈。
mno_kill_thiader_fam|杀光他们，烧毁营地并把所有值钱的东西抢走。
mno_loot_thiader_fam|洗劫营地，但是给营地里面的人一条生路。
mno_no_kill_thiader_f|我们不是杀人犯！让他们宁静地生活下去。
mno_choice_farmth|保存。
mno_encounter_savefarmth|离开。
menu_frisa_beach|海风迎面吹拂，你听到了海鸥在你头顶盘旋，同时盐分的气息越来越强。在远处，你发现了隐蔽的海滩里一艘船的轮廓。那就是索里克跟你提起的……属于你的船。
mno_enterbea|走下海滩。
mno_leavebea|再回来。
menu_sven_lair|沿着河畔，你发现了一处维京人的据点，那是斯温的藏身地！^那个港口对于船只来说显得狭小，易守难攻。在壁垒之后和房屋之中，你可以看见一些战士。你不可能在保持隐蔽的情况下数出他们的总数，但是你知道对方人多势众。^在城堡的中央，你可以看到有些待售的奴隶。你母亲是否会在他们中间呢？
mno_talk_to_fort_leader|请求与据点首领见面。
mno_enter_to_buy_prisoners|进入据点购买奴隶。
mno_initial_attack|发动奇袭。
mno_nosurprise_attack|全军出击！
mno_conquestsl_attack0|斯温的手下在盯着我的部队，我回头再来。
mno_conquestsl_attack|征服斯温的藏身地！
mno_choice_fort|保存。
mno_encounter_savefort|离开。
menu_sven_lair_comprado|你离开了牛颈斯温的藏身地。你决定用外交手段来达到目的，以避免手下伤亡。^^在你的队伍里，出现了一个新人，也是一个老朋友，他是坎塔布里亚人博多。就在斯温的藏身地外面，他请求和你一起离开，并告诉你在牛颈斯温袭击沃登里克号之后发生了什么。
mno_talk_to_bodo|和博多谈话。
menu_svenlair_victory|经过一场艰苦的战斗，你的手下终于击败了守卫藏身地的维京战士。在其中一个房子里，你找到了3个俘虏：2个女人和1个男人。你不认识女俘虏，她们也许是维京人从其他地方掠夺过来的；但这个男人正是博多，在沃登里克号上与你同行的一个坎塔布里亚人。^^博多加入了你的队伍，一个老朋友回来了。他请求和你一起离开，并告诉你在牛颈斯温袭击沃登里克号之后发生了什么。但是首先你要决定如何处理斯温的藏身地。
mno_take_itv|它是个不错的地方，我命令我的人帮我把它清理干净。
mno_destroy_itv|呸。我为了我的士兵掠夺并摧毁它。
menu_sven_lair_final|命运弄人。初时，一切都指向了你母亲不复生还的事实。生存和复仇的欲望驱使着你：找到牛颈斯温并杀死他。但是，现在你母亲还活着并且落在敌人的手里，你的首要任务是营救她。
mno_travel_sv|行动。
menu_svenlair_victory_conquista|经过一场艰苦的战斗，你的手下终于击败了守卫藏身地的维京战士。你要决定该如何处理这个据点。
mno_take_itsl|它是个不错的地方，我命令我的人帮我把它清理干净。
mno_destroy_itsl|呸。我为了我的士兵掠夺并摧毁它。
menu_farmstead_sigurd|一条灰尘漫布的小路通向一面大栅栏，在栅栏后面建有一些房屋。这里看上去很繁荣，是一个有钱人的家园。^在你的位置，可以看到一些人在活动。一切都看上去很平静。
mno_enter_to_farmstead|进入农场。
mno_encounter_savefarm|离开。
menu_farmstead_sigurd2|没过多久，你的哨兵发出警告，一队人马在接近。农场的气氛马上紧张起来，但是埃吉尔已经在山坡上待命，并告诉大家不要担心，因为这些人挂着国王的旗帜。^^霍里克国王派出了援军！
mno_talk_kingleader|和对方的首领交谈。
menu_farmstead_sigurd3|你发现，这个农场能够让人躲开危险和烦恼，是个舒服安稳的避世之地。那一刻你幻想自己成为了农场的主人，在田里耕种，使唤奴隶，日子一天比一天美好。{s2} 。看到自己坐在门边的长凳上，惬意地欣赏日出日落……这就是你想要的日子吗？或者对你来说这个目标太遥远了？无论如何，你在幻想宁静的生活前还需要考虑很多事情。^第二天，一个哨兵警告你一队武装人员在接近。他们人数众多，并且扛着“蛇眼”西格德的旗帜。你还没来得及下令，手下已经全副武装起来，并且跑到农场门口列起了盾墙。
mno_enter_to_battlefs|开始交换。
menu_farmstead_sigurd4|你仔细打量来人。对方人数可能超过六十，并且武装精良。一个头罩麻袋的囚犯被推到前面……
mno_choice_01_sigur|进入。
menu_hablar_olvir|经过一场残忍的战斗，乌尔夫的农场遍布尸首。你的手下在尸体中漫步，解决掉濒死的敌人并且拿走一切值钱的东西。你注意到埃吉尔正在切掉一个死者的手指来取下一枚金戒指，而伯伦希尔在用厌恶的目光扫视着战场，然后是雷因哈德坐在尸体上放声大笑，你却不知道自己是如何想的。有人说战争能改变一个人，好比贪得无厌的恶魔吞噬掉你的灵魂。你已经变了吗？你变得和以前不同了吗？^^当两名士兵把奥利维带到你面前的时候，你的思绪被打断了。他还活着，但是命不长了。血液从他的身侧不断涌出……没法停下。
mno_talk_to_olvir|和奥利维谈话。
menu_doccinga_prisonerjoined|在你的旅途中，有一个人来到你的部队面前，在几码的距离之外，他放下了自己的武器，并向你展示他手无寸铁。你几乎快认不出来他了。他就是你在道琴嘉审问的那个人，一个你饶了他命的人。
mno_talk_to_captain|听听他想说什么。
menu_entregar_bodo|你带着两个西格德的人去找博多，当你在对此解释时，他毫不抗拒。在西格德的手下把他带走前，他停在你面前，两眼满含泪水。伯伦希尔和雷因哈德似乎对你的选择很不满。
mno_talk_to_bodoentregado|和博多交谈。
menu_arboleda_conrey|你跟着国王去附近的一个小树林，远离了窥探的耳目。
mno_talk_to_reyhorik|和霍里克国王交谈。
menu_arboleda_conrey2|你跟着国王去附近的一个小树林，远离了窥探的耳目。
mno_talk_to_reyhorik2|和霍里克国王交谈
menu_meeting_ragnarssons|几个男人来到诺丁汉的大门见你。尽管这些人全副武装，但是他们对你没有威胁，反而看上去很高兴见到你。
mno_talk_to_siegemen|和他们交谈。
menu_primer_barco|你获得了你的第一条船。一条船不仅仅允许你能漂洋过海，还能让你通过海上贸易发家致富，或是掠夺沿海的村镇以威震一方，还可以远征敌国来成为一地之主。挪威人还说一条船甚至能够把你带到往生世界。^^然而，航行充满了危机，大海如同一口大开着的坟墓，随时准备吞噬你们。冬季的暴风雨会让船体受损，但是平静天气也好不了哪里去，因为无风的日子将迫使你的手下拼命划桨。为了防止水手疲劳过度，在夜幕降临时停留在陆地上休息是一个好习惯。^^船也是一笔宝贵的财富，它的主人必须时刻珍惜。^^如果你想出航离开的话，就回到这里……
mno_choice_01_1bar|继续。
mno_lugar_des|出发。
menu_banquete_moral_refuge|你命令士兵们卸下武器，然后邀请他们进入大厅，并且逐级而座，最亲密的人则坐在你最近。^女佣们以丰盛的菜肴和蜜酒款待着来宾。你为这场盛宴支付了一笔巨额的账单，不过你认为你的部下们应当享有这一切。^因为他们是与你同生共死、助你横扫千军的人，他们也是对你无比忠诚的追随者。^夜深了，许多人喝得烂醉如泥，有的又叫又唱，而一些人呕吐不止，其他人则为了吸引姑娘们的青睐而像斗鸡一样打闹。^在你背后，吟游诗人歌颂着你的丰功伟绩和英雄荣耀。你像领主一样行动，你也确实是个领主，一个“牧人”。
mno_banquete_okr|你边喝边大声笑，他们来了。
mno_banquete_ok2r|你保持清醒，酒虽好，但没有必要过量。
mno_banquete_ok3r|你向手下分发指环和手镯（2000先令）。
menu_player_lair_menus|{s10}这是属于你的据点，让你在逃离敌人后藏身于此，或者在运气不佳时等待东山再起，长途奔波后在这里歇脚，还能把你个人的财富藏在这儿。^^{s11}^^{s13}
mno_banquete_refugemead|为我的士兵举办一场盛宴。
mno_guarida_rename|重命名你的避难所。
mno_lair_interior|前往避难所大厅。
mno_lair_interior_door|前往避难所。
mno_visit_tavern_lair|前往蜜酒厅
mno_visit_tavern_lair_door|出门前往会议厅。
mno_lair_buildings_improve|和你的队长谈话。
mno_lair_buildings_improve_door|前往避难所。
mno_hirelair_staff|招募员工。
mno_lair_inspect|在你的避难所转转。
mno_lair_inspect_door|出门前往广场。
mno_mylair_station_troops|管理驻兵。
mno_demoler_lair|拆除你的避难所(500先令) 。
mno_lair_wait|在这里休息一会儿。
mno_see_ships|看看你的船。( 建造中)
mno_embarkre|上船。
mno_lair_leave|离开……
mno_lair_leave_door|离开此地。
menu_demoler_lairm|你确定你要拆除避难所吗？
mno_demoler_yes|是的(1000先令) 。
mno_demoler_no|返回。
menu_conversacion_companions1|在半路上停下休息的时候，伯伦希尔带领着伙伴们来到你面前，她有什么话要说。
mno_talk_to_brunhild|听听伯伦希尔想说什么。
menu_conversacion_companions2|在半路上停下休息的时候，你的伙伴们靠近过来，他们神情焦虑。
mno_talk_to_companions2|听听他们想说什么。
menu_conversacion_companionsbodo_choice|在半路上停下休息的时候，博多带领着伙伴们来到你面前，他有什么话要说。
mno_talk_to_bodochoice|听听博多想说什么。
menu_caio_entry|你的手下报告，有人来访。这是一个瘦高的男孩，他看上去很高兴，你确定他是老罗马人的儿子。
mno_talk_to_caio|继续。
menu_egil_conversacion|你的仆人告诉你，有一个男人来觐见你，那是一个身强力壮的男人，看起来充满自信，也没有携带武器。他大步向你走来，一直盯着你的眼睛。在他快要到你面前时，你的贴身侍卫用长矛拦住了他……
mno_talk_to_egil|继续。
menu_aghatinos_conversacion|在路边，一个男人坐在一块大岩石上。他又高又瘦，穿的衣服很糟糕，似乎人畜无害。他冷静地打量着过往行人，似乎在等着什么人，直到你走到他身边，他的眼睛牢牢盯住你，并起身向你走来……
mno_talk_to_aghatinos|和他谈谈。
menu_egil_rebelion|似乎有点不对劲。你听到尖叫，看见埃吉尔正走向你。
mno_talk_to_egilreb|听埃吉尔说。
menu_egil_rebelion2|埃吉尔倒在你的脚边，并将长眠不起，你的手下把他的尸体抬走埋葬。埃吉尔是你十分要好的朋友，也是你团队重要的一员，他的死沉重地压在你和你战士的心头。
mno_permitir1|亲手埋葬埃吉尔，并支付他的丧葬费。
mno_permitir2|让手下埋了埃吉尔。
mno_permitir3|不要让士兵埋葬埃吉尔。把尸体留给乌鸦！
menu_egil_duel|埃吉尔走向你，你们俩是很好的朋友，是你还是他……
mno_fight_egilrebdu|战斗。
mno_choice_01_1frankia|继续
menu_cueva_odin|大海的气味在这个区域无处不在，海浪拍击悬崖产生的声音如雷鸣般在你的脑海中回荡。在狭窄海滩的尽头，有一条小路，你辨别地上的足迹，猜测那是属于一个男人的。这条路很难走，你决定自己跟过去看看，所以你命令手下在这等待。
mno_enterod|靠近。
mno_enterod2|看起来像某人的窝，调查。
mno_choice_od|我需要招募更多的人。
mno_encounter_savefarmod|离开。
menu_orm_duel|你从农场走到一块空地上，此时乌尔夫的奴隶正在准备决斗的场地，他们用石头围成一个大圆圈。你慢步走到圈外，农场里的所有人和你的伙伴们都围在你的身边，给你加油鼓劲。奥姆正在热身，他显得很自信，好像对你不屑一顾。他也确实有这个资格，因为他的连胜纪录到目前为止都未曾被打破。你的同伴轻轻拍了拍你的背，告诉你一些关于决斗的技巧，所有人都在祝福你；除了雷因哈德，他悲伤的说他要帮你写墓志铭，并亲手刻在你的墓碑上……突然，埃吉尔指着奥姆叫你快看，你转头发现奥姆已经停止了热身，他的身体仿佛不受控制了，而且不停抽搐，口吐白沫。突然，他慢慢抬起了头，只见他布满血丝的眼中直勾勾的盯着你，口中不停地说着些莫名奇妙的话。就在你思考这一切是怎么回事的时候，奥姆像一条毒蛇一样飞速的向你扑来……
mno_duel_orm|进入战斗。
menu_orm_duel_win|黑人奥姆的尸体直挺挺地倒在你的脚边，你握剑的手臂被奥姆震得发麻。你的脑中不段的重复着刚才决斗的画面，心里疑惑他是如何用手臂挡住你锋利的剑锋的，难道他能对疼痛免疫？但毫无疑问你是幸运的，因为你刚刚打败了一个狂战士！
menu_viking_duel_win|决斗结束，你击败了{s1} 。吟游诗人们把你的壮举编成诗歌，四处传唱。
menu_viking_duel_lose|{s1}由于对手太过厉害，你已经被打败了。{s1}的连胜记录上将再增加一次，而诗人们也将继续传唱他的事迹，而你，仅仅是作为手下败将被人们偶尔谈起。
mno_duel_rebelion|接受挑战。
menu_duel_rebelion_enemyback|鉴于你的凶猛，你的对手拒绝与你进行决斗。他在你的手下们的嘘声中离开了。
menu_duel_rebelion_win|决斗结束了。你的敌人躺在地上，你用娴熟的武技和出众的武器打败了他。你也希望这能成为对其他潜在的竞争对手的警告。现在你的首要任务是恢复体力和提高部队的士气。
menu_thething_messenger|一名信使策马飞奔而来。他跑到你面前气喘咻咻道：^^我的国王，丹麦的霍里克国王，邀请您参加在里伯举行的议事会。大会将讨论你与牛颈斯温和西格德·拉格纳逊的争执，你必须尽快赶过去，否则议事会将取消你的资格。^^然后信使踢了下他坐骑的屁股，一溜烟离开了。
mno_choice_01_1thing|继续
menu_the_holmgang|一群全副武装的人接近你，他们由国王的得力助手哈罗德·哈罗德逊带领，他让你想起议事会的判决，是时候要登上短岛进行决斗了。他们监视着你的队伍，把你带到不远处的一个海滩，已经有一个憔悴的老头在那等着了。他们把你安排到小船上，哈罗德的两个手下将小船推进海中。你和老头都一言不发，他开始向着海平面上的一个小岛划去。
mno_choice_01_1duelhom|继续。
menu_the_holmgang2|水波潋滟，你能听到唯一的是木桨划水的声音，那是一种缓慢而沉稳的节奏。老头其实也并不老，但艰苦的生活和海上风吹日晒使他的皮肤沟壑横生，使他看起来像一个长者。他穿着一件破旧的盐漂白束腰外衣，手掌的皮肤如同皮革般粗糙。他的瞳仁是海蓝色的，清澈如水，连一秒钟也不看你。前方等待着的对手是一位曾经的朋友。议事会的判决很明确，二人去小岛，但只有一个能回来。船停在小海滩附近，你下船后，老人划着它往大海中走了几十米，然后在那里停下来等待。
mno_choice_01_2duelhom|决斗。
menu_the_holmgang3|“二人去，一人归。”^^你胜利了，但代价是杀死了一个老朋友。你还记得雷因哈德的一句口头禅：命运无常！^^你搭乘老人的船返回到在丹麦等待的战士身边。当你到达时，他们各自收拾行囊，但都沉默不语，因为大家都意识到这个时刻如何凝重。不久，他们准备好了。哈罗德和他的人已经离开。现在是时候前往里伯的蜜酒厅，寻找那个名叫阿斯比恩的议事会判官了。
mno_choice_01_3duelhom|长途旅行。
menu_the_thing|在古籍的记载中，当人们背负着巨石来祭祀死者或膜拜神灵时，他们就会来到议事会。慢慢接近时，你会听到了各种嘈杂声音，看到各种各样帐篷，嗅到商人们贩卖的食物气味。你现在有点明白议事会是什么东西了，这里不仅用于商议政事或作出判决，还是人们交换货物和信息的场所。
mno_enter_thing|进入。
mno_encounter_leavethething|离开。
menu_partida_ribe_fleet|最终，在你为这次长途旅程做好准备之后，加入了在里伯港口外的壮观的舰队，沿着鲸鱼游动的路线，离开了丹麦。
mno_choice_01_3dfl|参加探险队。
menu_partida_ribe_fleet2|目前，舰队被明显分成两支，它们有着各自的指挥官，一边是由西格德雅尔撑腰的牛颈斯温，一边是由霍里克国王支持的哈罗德·哈罗德逊。^^但现在不是担心的时候，迎着大海带来的自由气息，你的船正驶向英格兰——那个遍地是金，男儿名扬四海的地方。现在你比任何时候都更接近牛颈斯温。你只需等待一个机会，杀掉他然后救回你的母亲……命运总是眷顾有耐心的人。
mno_choice_02_3dfl|继续前往英格兰。
menu_sven_attack_fleet|在好天气的情况下，从里伯到约维克的航程一般需要三天，但因为航速较慢，所以可能要额外花上一两天。船只分散前进，但这是常态，航行的方向往往都由风向作主，船队最后会在目的地集合。^^这样的长途旅行需要由水手们按照日常的计划工作，不分昼夜，因为船只不能在海上停下。男人们拥挤在一起的气味，以及饮食都让你很难受，尤其是当你必须趴在船舷上喘息的时候。^^最后，哈罗德和斯温之间的分歧变得越来越大，各自忠于两边的船长都只会单独会面，而船队也在分开航行。哈罗德通知你和其他船长到他的船上召开紧急会议。很明显，一个忠于牛颈斯温的船长改投了哈罗德，并且带来了消息。^^你期待着会议上将有好消息，特别是关于你母亲的。
mno_choice_mettingcap|船长会议。
menu_playerflee_svenattack|当你逃离战场之际，身后充斥着伤者的哭喊，以及剑刃的激烈碰撞。当牛颈斯温的手下屠戮哈罗德·哈罗德逊的部队时，你只能抛下他们。当务之急是前往英格兰找到拉弗伯斯·拉格纳逊，将牛颈斯温背叛国王的行为告知他。
mno_choice_flee1|逃跑。
menu_way_to_douaranenez|你立即集合船队并命令水手解开舰绳，船长们命令水手扬帆划桨。舰队在晨风驱动下驶离港口，开进广阔的海域。
mno_choice_01_3ddouar|去当纳莱斯
menu_way_to_douaranenez2|与如此众多的男人挤在一条船上的日子里，没有隐私和安宁可言。空气中充满了汗水、尿液和皮脂的臭味，甚至盖过了海的咸味。^气候温和：没有雷暴，没有狂风，除了雾气的出现。实际上，由于缺乏风力，航速非常缓慢，让旅程更加漫长。^^终于，附近另一条船的斥候传来消息，当纳莱斯出现了。在村庄的港湾里，有超过40条船在等待，大部分已经待命战斗。其中一艘船离开舰队并且朝你驶来……
mno_choice_d1douar2|开始谈判。
menu_way_to_douaranenez3|你听到村子里有人在讨论阿斯图里亚斯的内部分歧，这里偶而发出剑声和叫喊声。^^不过现在这些都不重要，一艘坎塔布里亚的船只全速前进把你带回自己的船上。你远远望见，你的舰队正在准备应战敌人。甘迪索瓦陪伴着你，他很严肃，非常严肃，尽管他在会面中露出了丑态。他望向双方战船接舷作战的情况，神情狰狞，即使他是一名无畏死亡的资深战士。你的船马上要回归到舰队中，是时候准备指挥了……
mno_choice_douarbdouar3|加入战斗。
menu_way_to_douaranenez4|海面成为了烈火、血肉和死亡的地狱。你取胜了，但牺牲了无数战士，包括那个坎塔布里亚人，甘迪索瓦。^^这场海战是纯粹的疯狂，但你的敌人已经逃离，到当纳莱斯寻找避难之处，而你的士兵正在乘胜追击。那里正是你离开博多的地方，他曾尽其所能把阿斯图里亚斯和其他国家结成联盟。^^轮到你加入战斗了……
mno_choice_douard4|上岸。
menu_way_to_douaranenez5|当纳莱斯已经不复当初，现在只有烈火和死亡……这里的居民纷纷在折磨中惨死，你怀疑日后是否还有人敢在此处定居。^^你受伤的士兵遍地哀嚎，还有一些人依然被战争所震惊，麻木地呆望天际，无视你的存在。你想起了博多之死，还有你最后一次与他并肩作战的情景。他的失败是不可避免的命运。来自阿斯图里亚斯王国的舰队不复存在，只有一些失去了首领甘迪索瓦的坎塔布里亚残兵跟随你。你的一些士兵正在沉迷于终结苟延残喘的敌人，并抢光他们的财物。
mno_choice_douarb15|宣布占有这些战利品。
mno_choice_douarb26|让你的士兵分享战利品。
menu_bjorn_camp|丹麦人在一座山包上建立了一个小型据点，通过点算帐篷的数量，你估计这里驻扎着250至300人。其中一个行营飘扬着比约恩的旗帜，他是拉格纳最有名的子嗣之一。^^一些人拦住了你，当他们验明你的身份后，马上让你通行，好像他们早已知道你的来临。
mno_enter_bjorncamp|进入营地。
mno_enter_bjorncamp2|调查。
menu_nothingam_siege|在远处望下去，可以两个撒克逊和盎格鲁人的营地包围着诺丁汉。营地非常大，能容纳上千人，而且还有战士在周边巡逻，确保没有人进出。在这个距离，你可以分辨出沿着城墙巡逻的丹麦战士，他们肯定情况不妙，不仅没有人数优势，粮草也每天有减无增。
mno_mierce_patrols|穿过麦西亚的巡逻队，前往诺丁汉。
mno_choice_snott|保存。
menu_nothingam_siege2|你离开诺丁汉，回到森林……
mno_mierce_patrols2|穿过麦西亚的巡逻队，前往诺丁汉。
menu_nothingam_siege_al|当你接近诺丁汉时，撒克逊斥候们包围了你，但没有发起袭击，因为你带着一面使者的旗帜。^^最后，几名骑手出现了，他们下马走向你。
mno_talk_to_alfred|继续。
menu_ambush_kennemer|当你的队伍在路边休整时，你借此时间来解决一些私事，因为你的肚子感觉不舒服。^^但是当你躲在石头之间享受片刻的时候，一阵骚动从右边打断了你。
mno_relax_broken|赶紧穿好裤子，拿起你的武器。
menu_welsh_and_pictish_complete|这三十天来，你设法保住{s3} 。根据博多的信件，是时候回去看看有没有牛颈斯温的消息了。
menu_messeger_mothernews|一名送信者鞭策着肮脏的马停在你的面前叫喊着。^^“这个口信送给叫{playername}的人。如果你想知道母亲的消息，就去杜威克附近的野猪林，找找伐木工的屋子。”^^送信者转身策马离开。
mno_choice_01_newsm|继续。
menu_circle_mystic|你发现了一个特别的地方，这里看来曾被古人们修饰过。也许现在正是欣赏另一个时代的艺术的好时候。
mno_enter_quest|出发。
mno_enter_mystic|进入。
menu_troll_bridge|不远处的河上有一道桥，河流没有名字，但是这道桥的名字却广为人知，它就是巨魔桥。
mno_enter_troll|往桥走去。
menu_battle_stones|你看见一所环绕着卵石路的房子，这里看来是理想的居所，处处都是和平和宁静，每天只需要打理牲畜和庄稼……因此，这里看来也与你动荡不安的生活格格不入。
mno_enter_stones|进入。
menu_roman_fort|沿路前进，你看见了一些古罗马堡垒的遗迹，跟在不列颠其他地方发现的很相似。
mno_enter_romanfort|调查。
menu_farmland_menu|你到达了一座小农庄，炊烟袅袅升起，但你没有看见半个人影。
mno_enter_ambush|参观农庄。
menu_boar_grove|你到达树林的深处。{s4}
mno_enter_hut|接近小屋。
mno_enter_hut2|接近小屋。
menu_aescesdun_camp|撒克逊的军队在雷丁镇被打败后，他们撤到这里重新集结，并在山包上建立了一处营地，随着每天回营的士兵渐渐恢复。在丹麦人向西撒克逊进军的途中，这里是一个进行拦截的要地。^^这个地方叫做阿先顿。^^{s4}
mno_enter_aescendun|进入营地。
menu_aescesdun_empty|当大军开拔前往作战之后，营地几乎空无一人，只有寥寥几个守军。
menu_readingum_camp|在一个叫雷丁镇的撒克逊村庄，拉格纳的子嗣们已经建立了一处营地。这里易守难攻，还有一道护城河，撒克逊人和丹麦人作战的痕迹依然存在。这个地方是扼守四方的战略要地。^^{s4}
mno_enter_readingum|进入营地。
mno_the_speech|加入他们。
menu_thetravel_danisharmy_l|丹麦人的军队，伟大的夏军，已经抵达阿先顿。^^阿弗雷德国王将自己的军队一分为二：一支由他自己领导，另一支由他的兄弟，年轻的艾弗德领导，两支军队各自沿着古老的驿道前进。^^当维京人展开部署时，阿尔弗雷德决定要在战前进行祈祷，而且直到仪式完成之前拒绝动身。但丹麦人行动迅速，也兵分两路……
mno_choice_01_3ddarm|阿先顿战役。
menu_mega_battle_ashdown|撒克逊人占领了两座山的有利位置，一分为二。一支由阿尔弗雷德国王带领，另一支由艾弗德指挥。丹麦人动作非常迅速，没有停下休整或重组，这件事阿尔弗雷德并没有料到。他还在祈祷，而且下令在仪式完成前不准任何人打扰。丹麦人没有耐性等待，他们同样把自己的军队一分为二，一支由哈弗丹雅尔和巴萨克国王领导，迎战阿尔弗雷德。而另一支则由其余五名雅尔指挥，向艾弗德进军。他们开始占领高于撒克逊人的山地，一旦部署完成，他们将拥有高度的优势……^^{s2}你将有{reg10}名士兵迎战{reg11}名敌人。
mno_encounter_attackasc|阿先顿之战。
menu_svenbn_hunting|从战场上离开时，满目皆是被遗弃的武器，尸体，伤员，掠夺者，还有为垂死之人作最后祈祷的牧师，你的心头交织着快感和悲凉。除此以外，你一再询问自己：为什么？当那么多生命消逝的同时，我为什么还能活着？^^不过你的思索与你的命运正背道而驰。{s4}
mno_talk_to_leader|跟他谈谈。
menu_ashdown_battle_over|战争已经结束了，但是剑和盾刺耳的撞击声，人们无力的叫喊声，和受伤的人们撕心裂肺的哭喊声仍然刺激着你的耳膜。你僵硬的手正在紧紧的握住武器，你仍然可以感受到战斗带来的紧张不安的气氛，甚至这种感觉比以往更加令人不安。你从另一个大屠杀中幸存下来，就像之前的几次一样，总是挣扎在生死的边缘，总是依靠你最信赖的剑。你今天赢了，但是你必须知道你的好运总会有结束的一天，你的生命将会终结，让那个杀了你的人赢得荣誉和名声。^^艾克丹已不仅仅是一场战斗，它聚集了数百人，他们中的大多数人现在尸横遍野。艾克丹的故事吟游诗人和小说家将会将此流传多年。
mno_aescesdun_no|继续。
menu_followers_camp_begin|由于你的军队在不断壮大，最近有一些牧师和女人加入了你的队伍，现在甚至一些商人也请求能跟随你。^^虽然这意味着能更简便地获得许多服务来提高你的士气，但你应该知道像那样的团队会使你的军队行动变慢。^^追随者的服务可以从营地菜单找到。
mno_followers_yes|当然，欢迎他们。
mno_followers_no|不。这是一支军队，可不是什么马戏团。
menu_followers_camp_leave|由于最近的事件和士兵的大幅减少，你的追随者离开了……
mno_follw_yes|该死。
menu_followers_remove|你确定想要赶走你的追随者吗？这将使您的追随者停止跟随你的军队，并且可能使得你的军队士气产生极大的负面影响。
mno_remove_yes|是的。
mno_remove_no|不。
menu_sven_bullneck_readingum|这个地方有很好的防护和护城河，并且仍留有之前撒克逊人试图驱逐丹麦人战斗的痕迹。这是一个很好的堡垒。^^{s4}
mno_talk_to_leadermen|告诉他。
mno_enter_to_talk_sven|接近雷丁镇。
mno_svenreadingum_attack|全力进攻！
mno_choice_doccingatsvf|我需要招募更多的人手。
mno_encounter_savereadingum|离开。
menu_sven_halllatest|雷丁镇的屠杀还在继续，你的士兵还在与斯温的部队厮杀，但这并不是你想要的战斗。牛颈斯温带走了你的母亲和一些人手，在雷丁镇的蜜酒厅里死守。是时候结束这场该死的派对了……
mno_fight_svhall|进入蜜酒厅。
menu_mother_death|牛颈斯温终于死了，你大仇得报，但心中的苦涩在不断蔓延，因为你母亲的尸体就在斯温的不远处。这个生你养你的女人，你为了她抛下了一切，前往弗里斯寻找治疗者，她关切的遗言依旧时刻萦绕于你的脑海，如同不灭的回响。^^牛颈斯温和你的母亲是驱动你走到今天这一步的动力，而如今他们都死了。你感到前所未有的空虚，好像你身心的一部分也随他们而去了。^^尘埃落定，剩下的只有回忆……
mno_mother_funeral|举行一个葬礼。
menu_addons_messenger|一个信使飞驰而来，在你的面前停下了。呼了一口气并大声说道:^^{playername} ：我的主人，菲尼安修道院长让我捎来了口信，他久仰您的大名希望你能去与他谈谈一个重要的任务。他希望你去拜访菲尼安修道院，就在巴尔依彻达附近。只要你去了，他会先付给你1000个先令。
mno_morrigan_1|告诉修道院长他的信息已经传到了。
menu_addons_messenger_morriganlair|一个信使飞驰而来，在你的面前停下了。呼了一口气并大声说道:^^{playername} ：我的领主，奥乔巴·麦·辛奈德和他的同僚艾德·麦·艾门奇，让我捎来了口信。他们在西方找到了莫莉安的巢穴，它们在攻击之前等待你的到来。
mno_morriganlair_1|告诉你的领主我在我的路上。
menu_first_attack_morrigan|你知道，通过卡利卡斯长老的指引，那个老人的烧掉的草屋并离村庄不远，但是你却看不到它。深深的，不自然的雾掠过所有东西，而且让你只能看到一步的距离。正当你认为不能够更糟糕的时候，你听到了附近有狼嚎传出，每次都更加接近。^^然后，你的耳朵听到一段旋律。莫莉安找到了你。
mno_morrigan_ambush|打架！
menu_morrigan_leave|你的敌人们在号角的指令下逃跑。围绕在你身边的浓雾看起来没有那么浓了，或许只是因为你更加冷静了，你的眼睛能够在雾中看得更清楚。你的敌人跑了，但是奇怪的是并没有留下任何尸体。你的军队的刀剑并没有为他们带来任何伤亡^^号角声听起来更近了，而且有人开始进入你所在的地方。他们数量并不多，比你意料中听到的号角的声音要少。你的其中一个部下带来了这些人的头儿。
mno_campeones_primerencuentro|与他们对话。
mno_morrigan_ambush2n|打架！
mno_enter_morriganlairch|走近胜者。
mno_leaveslmorrigan|离开。
mno_enter_maelbresail|进入。
mno_enter_maelbresailhall|跑！
mno_mailbresail_attack|打架！
mno_leave_bresail_farm|离开。
menu_bresail_fort_visit|在河的远处，有一些零落的屋子，在背景里，一个小型的要塞矗立在那里。那些逃离了该地的平民们遇到了你的勇士们。
mno_enter_mbfort|前往。
mno_leave_mbfort|离开。
mno_leave_finalmbfort|离开。
menu_morrigan_dialog_final|当你离开了普雷西尔王子的要塞，莫莉安出现在你的面前并想与你交谈。
mno_talk_to_morrigan|与莫莉安谈话。
menu_event_siege_01|你的一位顾问说，他发现有老鼠在偷吃部队的粮草。这本来是可以通过一些卫生措施来避免的！
mno_choice_01_1a|太可怕了！供给被破坏和污染了。
mno_choice_01_2a|我不能让士兵挨饿，杀光所有老鼠。
menu_ratas_siege|在所有的老鼠被消灭之前，你的许多士兵都得了疾病并且死亡^^队伍伤亡：{s8}
mno_back_to_siegea|完成。
menu_event_siege_02|糟糕的卫生条件导致你的部队中痢疾肆虐，周围的人开始死亡。这本来是可以通过一些卫生措施避免的！
mno_choice_02_1b|雇佣一个医生来帮助生病的人(1000先令) 。
mno_choice_02_2b|我无能为力。
mno_choice_02_3b|向你的神灵祈祷吧。
mno_choice_02_4b|我或我的同伴能够治愈他们。
menu_enfermedad_siege|死亡的阴影笼罩了你的队伍，许多士兵生病并且死亡。^^你的伤亡：{s8}
mno_back_to_siegeb|该死。
menu_enfermedad2_siege|有些人死于疾病，但多亏你雇佣的医生，大部分人都幸免于难。^^你的伤亡：{s8}
menu_enfermedad3_siege|死亡的阴影笼罩着你的队伍，许多士兵生病并且死亡。也许你的神灵已经挽救了一些生命。^^你的伤亡：{s8}
mno_back_to_sieged|完成。
menu_enfermedad4_siege|多亏了你的医治能力，你挽救了很多士兵，但一些人仍然死去了。^^你的伤亡：{s8}
mno_back_to_siegees|回到攻城营地。
menu_event_siege_03|由于太多的垃圾，害虫和其他脏乱不堪的事物，你的阵营更加脏乱。你的士兵很不高兴。这本来是可以通过一些卫生预防措施来避免的！
mno_choice_03_4c|在我采取措施的同时，我会给众人一个振奋人心的演讲。
mno_choice_03_2c|我会看看我能够做什么。
menu_event_siege_04|一些敌人在晚上设法潜入你的营地并且烧毁你的队伍物资，你的一部分食物被毁了。
mno_choice_04_1d|惩罚当晚值岗的人，以儆效尤。
mno_choice_04_2d|什么也不做。
menu_event_siege_05|在夜里，你的士兵抓到了一些意图潜入破坏的敌人并且杀死了他们。
mno_choice_05_1e|表扬他们。
mno_choice_05_2e|奖励他们每人一个战士手镯( 300先令) 。
mno_choice_05_3e|奖励他们在附近的妓院度过一个难忘的夜晚( 200先令) 。
mno_choice_05_4e|什么也不做。你是一个坚定的领导者，不会暴露自己的弱点。
menu_event_siege_06|先生，我们的食物补给路线可能处于危险之中，侦察兵发现了在我们后方有准备突袭的敌人。^我们可以封锁这个地方来避免袭击。^^您想派部分士兵去保护路线并且追击敌人么？
mno_choice_06_1f|派人(部分士兵将从你的队伍中被派遣) 。
mno_choice_06_2f|派使者去支付他们一笔钱，请求不要攻击你的食物补给路线(500先令，不一定成功) 。
mno_choice_06_3f|什么也不做(你将会失去一部分食物，但能保住你士兵的生命) 。
menu_encuentro_avituallamiento|分派一群士兵去追击那些袭击食物补给路线的敌人，你的士兵把敌人逼到绝境并一一杀死。有一些损失，但是你的士兵赢得了战斗并且保障了供应路线。^^你的伤亡：{s8}^^敌人伤亡：{s9}
mno_back_to_siegeg2|干得漂亮。
mno_back_to_siegeg3|嗯。
menu_event_siege_07|我们的侦察兵发现，守城方用动物的尸体污染了水源。您想向商人买一些水并且从补给路线运过来么？
mno_choice_07_1g|好的( 600先令) 。
mno_choice_07_2g|不用，我们限量分配食水并且挖一口井。
mno_choice_07_3g|没有水源不能继续攻城，放弃围攻。
menu_sed_siege|水已经不多了，你的士兵开始变得虚弱。由于太渴，一些人喝了有毒的水死亡了。一口井终于挖出来了，你暂时得到一些水。你可以继续围攻。^^被毒死的人数：{s8}
mno_back_to_siegeh|命运无法被改变。
menu_event_siege_08|一个坏消息：我们的一个士兵投靠了对方。这可能是因为这名士兵缺乏士气，或者对方提供了大笔赏金。无论什么原因，敌人可能会知道我们的计划。
mno_choice_08_1h|提供400先令给军队提高士气。我不想出现更多的逃兵。
mno_choice_08_2h|提供800先令，我不希望他们被敌人的钱诱惑。
mno_choice_08_3h|别担心，我可以随时改变计划。
menu_event_siege_09|一个对方的逃兵加入了我们的队伍，给我们提供了情报：{s2} 。
mno_choice_09_1i|我们欢迎他。
mno_choice_09_2i|我不希望有逃兵加入我的队伍，杀了他。
mno_choice_09_3i|我确信他是一个间谍，把他遣送回去。
menu_event_siege_10|我们的士兵和敌人不再像之前互相侮辱，甚至有时攀谈起来。当我们在进攻时，这可能影响到他们的战斗意志。我们应该怎么做呢？
mno_choice_10_1j|允许，敌人的战斗意志也将受到影响。
mno_choice_10_2j|什么？禁止这种情况，惩罚那些违反命令的人。
menu_event_siege_11|寒冷的冬天总是会造成伤亡。有些人死于感冒，流感和其他一些小疾病。^^你的伤亡：{s8}
mno_choice_11_1j|愿他们安息。
menu_event_siege_12|住在围攻阵营附近一个村庄的农民来找你，说你的一个士兵强奸了他的女儿。农民希望能得到100先令的补偿金。您会怎么做？
mno_choice_12_1j|支付赔偿金。
mno_choice_12_2j|支付赔偿金和惩罚你的战士。
mno_choice_12_3j|拒绝支付。你在敌人的领土上，所以你的士兵有权利享受随意掠夺。
mno_choice_12_4j|杀了农夫和他的女儿。
menu_no_paymentandkill|农夫所在村庄里的人想要为他复仇，他们聚集在一起袭击了你的征粮队。^^你的伤亡：{s8}
mno_choice_nppayment_2j|该死！
menu_event_siege_13|一群敌人突然袭击我们的士兵后快速撤离了。^^你的伤亡：{s8}^^敌人伤亡：{s9}
mno_choice_13_1b|这是很常见的情况，注意小心谨慎。( 解决方案：封锁区域) 。
menu_event_siege_14|在寻找食物的时候，我们的士兵遭遇了一群敌方骑兵。^^你的伤亡：{s8}^^敌人伤亡：{s9}
mno_choice_14_1b|这是很常见的情况，注意小心谨慎。( 解决方案：封锁区域) 。
menu_event_siege_15|当我们在掠夺邻近村庄时，遭到敌军的攻击。村民们加入了对方，造成我们许多士兵伤亡。^^你的伤亡：{s8}^^敌人伤亡：{s9}
mno_choice_15_1b|这是很常见的情况，注意小心谨慎。( 解决方案：封锁区域) 。
menu_event_siege_16|敌人和我们的士兵在一条河上遭遇，双方因为争夺水源而造成了大量伤亡。^^你的伤亡：{s8}^^敌人伤亡：{s9}
mno_choice_16_1b|这是很常见的情况，注意小心谨慎。( 解决方案：封锁区域) 。
menu_event_siege_17|敌人从一个秘密通道一涌而出，突袭我们后迅速逃回城墙里。^^你的伤亡：{s8}^^敌人伤亡：{s9}
mno_choice_17_1b|这是很常见的情况，注意小心谨慎。( 解决方案：封锁区域) 。
menu_event_siege_18|你的一些士兵从周围的村庄绑架了一些女人，带到围城营帐里找乐子。
mno_choice_18_1b|你默认了他们的行为，并且要了一个最漂亮的女人。
mno_choice_18_2b|命令你的士兵释放那些女人，惩罚那些参与绑架的人。
menu_event_siege_19|敌人试图突破封锁，我们的士兵试图牵制住他们。^^你的伤亡：{s8}^^敌人伤亡：{s9}
mno_choice_19_1b|当我进行佯攻时，派一些士兵去巩固围城，这能迫使敌人撤退。
mno_choice_19_2b|命令所有士兵保护城墙。
mno_choice_19_3b|不必担心，我们的城墙固若金汤。
menu_no_defendiendo|敌人瓦解了我们的防御，烧毁了一些小营地和关卡，突破了我们的封锁。^^你的伤亡：{s8}^^敌人伤亡：{s9}
mno_defendiendo_1bnd|我们必须重新建立封锁线。
menu_defendiendo_circunvallation|我们设法击退敌人，逼迫他们回到城墙后……^^你的伤亡：{s8}^^敌人伤亡：{s9}
mno_defendiendo_1dcir|做得好。
menu_defendiendo_mal|另一股敌军乘着我们的空档，放火突破了另一边的封锁线。^^你的伤亡：{s8}^^敌人伤亡：{s9}
mno_defendiendo_1mal|该死！
menu_event_siege_20|敌人试图破坏我们的攻城器械。^^你的伤亡：{s8}^^敌人伤亡：{s9}
mno_choice_20_1b|派人支援攻城器械那边的防守，这能迫使敌人撤退。
mno_choice_20_2b|快，命令所有士兵保护攻城器械。
mno_choice_20_3b|不必担心，我们的士兵会守住的。
menu_no_defendiendo_equip|敌人瓦解了我们的防御，烧毁了我们的攻城器械。^^你的伤亡：{s8}^^敌人伤亡：{s9}
mno_defendiendo_1bnde|我们必须重新开始建设。
menu_defendiendo_equip|我们成功地击退了敌人，他们回去保护城墙了……^^我军伤亡：{s8}^^敌军伤亡：{s9}
mno_defendiendo_1heq|做得好。
menu_defendiendo_mal_equip|另一波敌人已经包围了我们所在的位置，并从另一边烧掉了我们的攻城设施。^^我军伤亡：{s8}^^敌军伤亡：{s9}
mno_defendiendo_1vmal|该死！
menu_event_siege_21|你的卫兵发现了几个人试图借着夜色溜过你的封锁线。
mno_choice_21_1b|跟踪他们。
mno_choice_21_2b|杀了他们。
menu_event_siege_22|在晚上，你的卫兵告诉你他们看到了一队披着羊皮，伪装成羊的敌人。现在他们用瓶子从河里灌满了水，准备把水送回城中。
mno_atacar_emboscada_player2|前往该处，让同伴们自愿参加战斗。
mno_choice_22_1b|伏击他们。
mno_choice_22_2b|什么都不做。
menu_victoria_ovejas|你的士兵们把伪装成羊的敌人给包围了，杀个片甲不留。^^我军伤亡：{s8}^^敌军伤亡：{s9}
mno_defendiendo_1lovej|漂亮！
menu_derrota_ovejas|这是个圈套！长官，他们伪装成羊只是诱饵，把我们的人引出来，他们已经做好埋伏了。许多士兵没有活着回来。^^我军伤亡：{s8}^^敌军伤亡：{s9}
mno_defendiendo_1poveja|这太糟了。
menu_tablas_ovejas|你的士兵们被派去包围敌人，但是他们太慢也太吵了。披羊皮的敌人察觉到不妥，迅速撤退了。
mno_defendiendo_1oveja2|好吧，还有机会。
menu_event_siege_23|今天有一名雇佣兵来到了你的防御工事，想要加入你的部队。他声称自己被城中驱逐出来，而他想要报复。
mno_choice_23_1b|接受他。
mno_choice_23_2b|我不想要更多的人了。
menu_event_siege_24|我们已经积累了很多敌人和农民的脑袋，你想把它们扔到城墙里，以削弱敌人的士气并造成疾病吗？
mno_choice_24_1b|什么？你这个疯子。别这么做！
mno_choice_24_2b|当然，这能让我们在谈判时取得优势。
menu_cabezas_moral|许多脑袋被扔进了城中，你从外面就能听到市民们的哭喊声，尤其是当他们看到自己所爱的人的头颅时。战争是残酷的，你似乎很愿意向他们证明自己是他们的头号死敌。
mno_defendiendo_1q|这将会有助于迫使他们投降……或死亡……
menu_event_siege_25|一名商人向你提供一个舞蹈团，在夜间为你的部队提供娱乐。
mno_choice_25_1b|我需要我的士兵们随时待命，而不是分心或疲倦。
mno_choice_25_2b|为自己雇佣舞女(100先令) 。
mno_choice_25_3b|这是你的士兵们应得的，为他们雇佣舞女(500先令) 。
menu_event_siege_26|一伙强盗靠近了你的营帐，正当你的士兵们拔剑时，强盗们放下了他们的武器，并说他们没有恶意。强盗头子向你走来，问他们可否加入你的部队。
mno_choice_26_1b|当然！我的部队永远欢迎出色的战士。
mno_choice_26_2b|我很抱歉，我们这里不收留你们这种人！
mno_choice_26_3b|向我证明你们的价值，去掠夺一个村子！
mno_choice_26_4b|杀了他们！
menu_sanguinario_p|两个小时后，强盗们带着他们的投名状向你走来……
mno_choice_26_5b|做得好！军官会带你去你的地方。
menu_event_siege_27|一些商人靠近你的营帐，想向你出售他们的货物，接着就在你身边形成了一支由士兵的妻子、妓女、难民、儿童和其他追随者组成的队伍。
mno_choice_27_1b|欢迎他们（和他们的钱）。
mno_choice_27_2b|这里已经有足够的商人了。
mno_choice_27_3b|把他们杀光再抢走身上的钱。
menu_event_siege_28|为了使食物能支撑地更久些，敌方守军丢弃了他们的妻子、孩子和老人。你看见他们正向你的防御工事走来，并向你乞讨食物。
mno_choice_28_1b|派一队士兵，去把孩子和老人杀光，把女人带给你的士兵们。
mno_choice_28_2b|买点食物给这些市民(400先令) 。
mno_choice_28_3b|什么都不给。任由他们饿死！
menu_event_siege_29|你的一个士兵，对长时间的围城感到愤怒，强奸了你一个军官的妻子。
mno_choice_29_1b|无视此情况。
mno_choice_29_2b|处罚这名士兵。
mno_choice_29_3b|处决这名士兵。
mno_choice_29_4b|付给军官赔偿金(1000先令) 。
menu_lucha_oficial|你的军官杀了这名士兵，并由此引发了士兵和军官之间的斗殴，造成了人员伤亡。
mno_defendiendo_1z|这太糟了。
menu_messenger_system|一个信使跑到你面前，气喘咻咻地对你说：^^“我的主人派我来告诉你，你派出的信使被发现死在了路边。我们遗憾地通知你，这个信使没有到达目的地。我们可以为你处置任何信件，你也知道能在哪里找到我们。”
mno_error_1|继续。
menu_messenger_system2|一个信使跑到你面前，气喘咻咻地对你说：^^“我的主人派我来告诉你，你派到{s9}的信使被发现死在了路边。我们遗憾地通知你，这个信使没有到达目的地。我们可以为你处置任何信件，你也知道能在哪里找到我们。”
mno_finish_m|该死。
menu_messenger_system_res_failure|一个信使出现了，他在舞动着。他在你的面前停下了。呼了一口气并大声说道:^^' 我的主人让我捎来口信，你送去{s9} 的信使的尸体在路旁被找到了。我们很抱歉的告诉你你的信息没有到达终点。我们会乐意的接受任何其他的送往任何人的信息，你知道在哪里找到我们'
mno_finish_m2|坏运气。
mno_Continue_msse|谢谢您的服务。
mno_Continue_mess2|嗯。
mno_Continue_mess3|嗯。
mno_Continue_mess4|嗯。
mno_Continue_mess5|嗯。
mno_Continue_mess6|谢谢您的服务。
mno_Continue_mess7|谢谢您的服务。
mno_Continue_messeng1|谢谢您的服务。
mno_Continue_messeng2|谢谢您的服务。
mno_Continue_messeng3|我有我的战争。
menu_random_juice_events|事件
mno_leave_jui|离开。
menu_event_01_juicio|有两个农民，一个身高体壮，另一个身材矮小，他们因为牛的归属问题产生分歧，来找你裁决。事情的起因是这样：他们两个的田地相邻，高个农民的公牛和矮个农民的母牛产下了一头小牛，小个农民说小牛应该属于他，因为这是他的母牛生的，而高个农民认为小牛属于他，因为这是他最强壮的公牛的后代，至少，他认为自己应该得到补偿。
mno_choice_01_1nj|矮个农民是对的，小牛属于他，因为这是他家母牛产下的。
mno_choice_01_2nj|高个农民是对的，小牛属于他，因为这是他家最强壮的公牛的后代。
mno_choice_01_3nj|小牛属于矮个农民，但你必须给予高个农民一定补偿。
mno_choice_01_4nj|你们俩都有道理，但现在我要把小牛宰了，我要一半牛肉，然后你们俩分剩下一半牛肉。
mno_choice_01_5nj|你们俩说都有道理，不如把小牛宰了，你们俩一人一半。
menu_event_02_juicio|我的{reg59?女士:阁下} ，我们抓到了凶手！这就是那个在{s4}袭击了您的使者的人，使者现在还卧病在床，但这件事没那么简单。我在审问凶手时他提到一件事，并且希望在行刑前告诉您这个故事，我希望您能听听^^囚犯说：我的{reg59?女士:阁下} ，我本来与您的使者素不相识，但是他看上了我的女儿，并且希望我的女儿能陪他一晚。对于这样的要求我当然拒绝！然而，您的信使并不死心，他回去后叫来了另外三个人，冲进我家，要强奸我亲爱的女儿，并且笑着告诉我：即使我把这件事告到您这，您也永远不会相信这件事的！因为我是平民！但是作为父亲我必须保护自己唯一的孩子！所以，我才攻击了他！
mno_choice_02_1nj|很精彩的故事，但是你胆敢攻击我的使者，来人！把他和他的家人在日出之前全部绞死！
mno_choice_02_2nj|好吧，这听起来是个理由，我宣布你的家人无罪，但你要被绞死。
mno_choice_02_3nj|如果有人对我做同样的事，我也会这样干，我宣布你是无罪的，你可以走了。
mno_choice_02_4nj|如果事情真的如此，我要亲手宰了他！并吊起来示众！没人可以拥有特权，即使是我的使者也不例外。
menu_event_03_juicio|你叫来两人来裁定他们之间的争端。一个是当地的地主，而另一个是一个租借土地耕作的农夫。^^农夫说他今年的收成很差，无法支付房租，所以地主要求农夫把他的女儿交出来，企图占有农夫的女儿。地主在{s4}是一个有影响力的人物。
mno_choice_03_1nj|惩罚农民，他必须交地租给地主。
mno_choice_03_2nj|惩罚地主，他没有权利占有农夫的女儿。
mno_choice_03_3nj|杀了地主，迫使无法缴税的农夫加入你的军队。
mno_choice_03_4nj|向地主表示敬意，并且要求农夫把女儿交给地主。
mno_choice_03_5nj|因奸杀行为赔偿农民一些钱。
menu_farmer_attack_lord|"农夫不满你的决定，拔出了刀扑向地主，当着你的面杀死了他。然后农夫转向你，冷冷的说："" 这就是所谓的公正？你就是个混蛋！""  然后用杀死地主的刀，结束了自己的生命。"
mno_choice_03_1attackj|继续。
menu_event_04_juicio|一个对你忠心耿耿的手下悄悄告诉你，现在有很多手下对你不满，因为你太过平庸。如果你能获得更多的荣誉和战利品，或许会有些改观。
mno_choice_04_1nj|给这个手下一点钱，将珠宝分给士兵们。
mno_choice_04_2nj|告诉手下，如果他们真的愚蠢到想要离队，我可以解除他们曾对我许下的誓言。
mno_choice_04_3nj|公开杀死有意见的手下，直到没有人再敢议论纷纷。
mno_choice_04_4nj|承诺自己会有所改变！
menu_event_05_juicio|在{s4} ，一个人被带到你面前，据说这个人拒绝向王国纳税，所以被带了过来。那个人坚持声称，在王国归还他的孩子们之前，他都会拒绝纳税，而这个人的孩子都已经死在了最近的战争之中。
mno_choice_05_1nj|这个可怜的人已经失去了太多，你决定免除他一辈子的债务。
mno_choice_05_2nj|如果这个人依然不纳税，就用死刑来处罚这个人。
mno_choice_05_3nj|给予这个人一定的慰问金。
menu_nobody_want_paytax|突然，本来你用于行使司法权威的办公室，被失去子嗣的人们挤满了，而他们所有人都希望得到公平的对待。
mno_choice_05_2notaxj|分发钱包给人们作为补偿（2000先令）。
mno_choice_05_3notaxj|因为没有足够的钱给所有的人，你命令士兵疏散人群。
mno_choice_05_4notaxj|在你的士兵的护卫下跑出去，远离人群。
menu_event_06_juicio|两个人来到你面前，据说他们已经准备好杀死对方。其中一个人砍下一些堵塞交通的老橡树，但实际上他是在双方的地界上这么做的。^^“那些树让我的推车很难通过！”第一个人这么解释道。“我们只是在讨论那些树，我根本不懂你为什么要这么做！”^^“那些树在我的土地上，而且是由我最近去世的老爹之前亲手栽下的！”另一个人喊道。
mno_choice_06_1nj|那个砍了树的人应该向对方进行赔偿。
mno_choice_06_2nj|那些树挡住了路，当然应该被砍。
mno_choice_06_3nj|那个砍了树的人应该向对方和你提交罚款，以此作为惩罚。
menu_event_07_juicio|今年的收成看起来很差劲，这意味着冬天我们会受到饥饿的困扰，我们应该怎么办？
mno_choice_07_1nj|从其他地方买几车粮食回来。（1000先令）
mno_choice_07_2nj|我没有足够的钱来从其他地方买粮食。
mno_choice_07_3nj|这是他们没有仔细照料田地的恶果！
mno_choice_07_4nj|购买一些小麦来缓和问题(500先令)
menu_event_08_juicio|一个当地的首领跟你说，他有一个私生子（而且是他最喜欢的），希望加入到你的队伍。你同意去和那个孩子会面，因为拒绝一个贵族是不得体的行为。当你看见这个孩子的时候，不管怎样，显而易见他更像一个农夫，而不是战士的料子。面对这个满面笑容且体形丰满的少年：
mno_choice_08_1nj|允许他加入。
mno_choice_08_2nj|要求得到报酬来达成交易。
mno_choice_08_3nj|拒绝，只有最好的人才能加入你。
menu_event_09_juicio|这一天，你面前出现了两份提议。其中一个来自于一位名为奥斯伯的年轻牧师，他提议在{s4}修建一座教堂，承诺将带来新的知识，以此作为回报。^^另一个人听到这件事情之后则毛遂自荐到你面前，他是一个满面络腮胡子的强壮战士，完全让瘦弱的奥斯伯黯然失色。他提议资金最好是用来建立一个训练营地，而他将教你一招来提高你的武技。
mno_choice_09_1nj|选择奥斯伯的提议，你需要学习新知识。
mno_choice_09_2nj|选择战士的提议，你需要学习新武技。
mno_choice_09_3nj|我有足够的钱来修建这两所设施。（3000先令）
mno_choice_9_4nj|哈！你有足够的智慧和武技，不输他们任何一个。
menu_event_10_juicio|一道闪光闪过夜空，第二天有很多关于这个预兆的解读。{s4}中人们的说法是，我们必须进行一些献祭行为，不然的话就会有神罚降临到这个王国。由于临近收获时节，这个迷信的说法突然得到广泛的传播。他们找到了一个天使般的女孩，她在收获之前一直被视为一个圣女。这个时候你突然发现整个地区恢复了早已消失几个世纪的献祭传统。
mno_choice_10_1nj|允许献祭这个女孩。
mno_choice_10_2nj|禁止献祭，并把女孩带到安全的地方。
mno_choice_10_3nj|这件事与我无关。
menu_event_11_juicio|有人跑进你的宫廷，在得到你的允许后说出了一个消息。“{reg59?女士:阁下} ，附近的一个村庄陷入了危险之中！人们患上了一种奇怪的疾病，他们难以动弹，而且不停流汗和呕吐，当地的智者也没有办法治疗他们。现在地方首领不让任何人外出，等候着你的命令。”
mno_choice_11_1nj|进行隔离！但我会派出附近最好的医师来帮忙。（500先令）
mno_choice_11_2nj|进行隔离！我们会在流行病过去之后对生还者进行研究。
menu_event_12_juicio|两个修女向你走来。“{reg59?女士:阁下} ，我们这有一个孩子的出生不太顺利，我们已经尽力了，但是看起来这个年轻的女士并不适合怀孕生产。而这个女孩是一个德高望重的地方领主的女儿，我们能做点什么吗？”
mno_choice_12_1nj|所有人跪下来，开始祈祷！
mno_choice_12_2nj|侍卫，把村庄的智者请过来，马上！
menu_event_13_juicio|一天，附近一个忠诚的贵族向你提出了一个奇怪的要求：“阁下，我现在处境不太好。我把所有钱都花在整顿装备和部队上面，这样就能更好地服侍您。然而我的大女儿即将结婚，但我却不能给她和她丈夫一份合适的嫁妆。”
mno_choice_13_1nj|拿走这些钱吧，就当是你忠诚的回报。（800先令）
mno_choice_13_2nj|我现在会帮你，但这是最后一次。（400先令）
mno_choice_13_3nj|不，我不会帮你的，你之前就应该存点钱下来。
menu_event_14_juicio|有一天，一个基督教的传教士来到你家门前。他很热情地说道：“{reg59?女士:阁下} ，我有一个好消息！有个从耶路撒冷来的商人现在正处于{s4} ，而他愿意出售一件圣十字架！我几乎不敢相信我们有这么一个机会，可以获得一件著名的圣物！这将大大帮助我向信徒们传播关于耶稣的事情！”
mno_choice_14_1nj|我们并不会为假的圣物付钱。
mno_choice_14_2nj|抱歉，但是这个地方崇拜其他的神。我不会因此浪费我的钱。
mno_choice_14_3nj|价钱的确不错，但遗憾的是我们没有那么多钱。
mno_choice_14_4nj|我们不能让这个机会溜走！（5000先令）
menu_event_15_juicio|你正在和同伴们举行一场宴会，这时一位使者进来了。“我的{reg59?女士:阁下} ，在{s4}出了点情况，需要您的建议。”你向同伴们说明情况，走到了外面。^^一群人已经聚集在那里了，正在争论不休，但当你出现之后，他们很快就安静了下来。这时候一位老人请求允许说话，他说道：“我的{reg59?女士:阁下} ，我们需要您的智慧，这里有两个女人自称是这个孩子的母亲。”^两个女人出现了，其中一个衣着光鲜而另一个衣衫褴褛。
mno_choice_15_1nj|把孩子给穷女人。
mno_choice_15_2nj|把孩子给富女人。
mno_choice_15_3nj|下令把小孩切成两半并给到两个女人的手上。
menu_child_half_one|然后衣衫褴褛的女人尖叫道“不！求求你，我的{reg59?女士:阁下} ，让另一个女人领走孩子吧。”^^在你身旁的老人大声说道：“所以你是那个孩子合法的母亲！孩子是你的！”^^另一个女人看起来似乎有点不安，“我可以让孩子脱离贫穷的生活。”
mno_choice_half1pj|把孩子给穷女人，并以说谎的罪名惩罚富女人。
mno_choice_half2pj|把孩子给穷女人，并把富女人交给人群。
mno_choice_half3pj|把孩子给富女人。
mno_choice_half4pj||把孩子给富女人，并把穷女人交给你的人。
menu_event_16_juicio|你的顾问风尘仆仆而来，现在正是收割的时节。“阁下，今年的收成十分差劲。如果你不减税的话，冬天将会出现饥荒。”
mno_choice_16_1nj|减少税收意味着背叛，饿着肚子总比被处死要好。
mno_choice_16_2nj|好吧，我会从自己的钱包里面掏出钱来补齐不足的部分。（1000先令）
menu_event_17_juicio|一个来自附近村庄的农民向你求助，他上气不接下气地说道，有一伙土匪袭击了他的农场，抢走了女人和牛还有粮食。他身上都是血和烧焦茅草的臭味。
mno_choice_17_1nj|雇佣守卫来看护这个地区。（800先令）
mno_choice_17_2nj|这跟我没关系，滚开！杂种！
mno_choice_17_3nj|战争马上要打响了，拿走这些钱来重建你的村子吧。
menu_event_18_juicio|一名妓女被几名向你效忠的士兵指控使用了巫术，而你的随从则证实了这件事。你怀疑他也有同样的抱怨，但最好不要公之于众。
mno_choice_18_1nj|把这个妓女流放到另一个地方。
mno_choice_18_2nj|付钱给这个女巫，让她帮忙抑制基督教的传播。
mno_choice_18_3nj|这只是其中一个，还有很多的巫女！杀掉所有被举报的巫女！
menu_event_19_juicio|一个传教士前来告诉你，他之前正在你的一个村庄里面传教布道，而当他和他的追随者想要伐倒一棵对异教徒来说很重要的树时，大部分居民拿起武器把他们赶了出去。因此他想来讨个说法。
mno_choice_19_1nj|这个传教士是对的，应该砍掉这棵象征着异端的树。
mno_choice_19_2nj|这个传教士是错误的，应该将他和追随者献祭给众神。
mno_choice_19_3nj|这个传教士是错误的，让那些基督徒离开村子。
menu_event_20_juicio|一个来自附近村庄的女人声称，你最近死去的士兵之中有一个是她的丈夫。她请求帮忙善后和处理尸体。
mno_choice_20_1nj|资助她，并为她派遣一名牧师。
mno_choice_20_2nj|什么都不做，这不关我事。
mno_choice_20_3nj|抱歉，我无能为力。
menu_event_21_juicio|一位最重要的地方首领向你提出了一个请求：“我的{reg59?女士:阁下} ，你会对那些因对你效忠而受苦的人们展示你的宽宏大量么？很多残废、瘸腿和年迈的老兵在街头乞讨，还有很多家庭因为你的战争而失去了丈夫和父亲。我们需要奖励以及保护那些忠实的支持者们，还有那些以后可能会成为你麾下一员的年轻人。”
mno_choice_21_1nj|这不关我事，我的手下没有为自己的家庭准备后路，是他们自己的错。
mno_choice_21_2nj|我们应该帮助老兵和他们的家庭。（800先令）
mno_choice_21_3nj|打开我的金库，让所有家庭都得到帮助。（2000先令）
mno_choice_21_4nj|我没钱付这些额外的价格。
menu_event_22_juicio|有一个貌似很简单的案件要交给你。昨天，被告人破入被害人的家并卷走了大量财产。很多人都看到了，而且丢失的财物都在他家找到。但受害人是前任领主的一个有影响力的支持者和参赞，但是他的忠诚让人怀疑。而另一方面，被告人是你最忠实的支持者而且曾经给你支持了很多财物。
mno_choice_22_1nj|无视证据，袒护自己的人。
mno_choice_22_2nj|证据很明显表明了被告人有罪。
mno_choice_22_3nj|双方都有错。你把他们都流放了并没收了这案件的所有证据。
menu_event_juicio_end|有一个貌似很简单的案件要交给你。昨天，被告人破入被害人的家并卷走了大量财产。很多人都看到了，而且丢失的财物都在他家找到。但受害人是前任领主的一个有影响力的支持者和参赞，但他的忠诚让人怀疑。而另一方面，被告人是你最忠实的支持者而且曾经给你支持了很多财物。
mno_choice_end_1nj|无视证据，你渐渐地在士兵的心中占据了最重要的位置。
mno_choice_end_2nj|证据确凿，被告被判有罪！
mno_choice_end_3nj|你说双方都是错的。你放逐了他们，没收所有和本案有关的材料。
menu_riots_01|你和{s4} 的关系很糟糕。你走在大街上，人们都很痛恨地看着你并在你背后做了手势，等你到了没人的地方你就认为你安全了————直到一群人的出现。本地居民也厌倦了你的管理并开始辱骂你。终于，有人大胆地拔出了小刀并袭击你。
mno_deffend_yr|自我防御。
menu_riots_02|你的一队战士在街道上行走时被一群愤怒暴民袭击并杀害了。你最好尽快和{s4} 搞好关系。
mno_deffend_01ri|命令你的人杀掉这些肇事者并抓捕相关人员。
mno_deffend_02ri|我不用恐惧来统治。我会和这里的人搞好关系的。
mno_deffend_03ri|把反对你的人统统杀光并把支持你的人拉进来
menu_random_normal_events|事件
menu_random_normal_events2|事件
menu_event_01_normal|马蹄的声音刺穿了寒冷的早晨，当你走出门时看到卫兵从马上下来。他告诉你说有一艘陌生的船上载着一群说外语的人在附近的海滩靠岸了。你准备怎么做？
mno_choice_01_1nor|派人去抢贵重物品。活口统统杀掉。
mno_choice_01_2nor|派人去侦查，如有幸存者，招募他们。
mno_choice_01_3nor|什么都不做。
mno_choice_11_msgnor|继续
menu_event_03_normal|你听说一个诗人到处歌颂你的高贵行为。
mno_choice_03_1nor|好消息！
mno_choice_03_2nor|赏他300先令，让他的诗歌传遍整个大陆。
menu_event_04_normal|你的故事在全国范围你流传。你走到哪里都有一群乞丐围着你。
mno_choice_04_1no|施舍200先令给他们
mno_choice_04_2no|无视他们
mno_choice_04_3no|要饭的？放狗咬他们！
menu_event_05_normal|一个青年贵族到处散播你母亲的坏话。指责她正在从事世上最古老最细腻的职业。
mno_choice_05_1no|我要和他决斗！
mno_choice_05_2no|就是说说罢了。
menu_event_06_normal|你遇到一名部下的妻子，她求你和她丈夫解除合同。今年收成不好，他的工资养不了他的全家，如果他回去种田的话或许他全家还能活下来。
mno_choice_06_1no|这可不行！拿走这200先令吧。
mno_choice_06_2no|你让你的部下回家了。
menu_event_07_normal|当地有人在散播你的谣言，他说的全都是荒诞的故事，但迟早会有人相信他。
mno_choice_07_1no|他想说就说吧，每个人都有自己的权力。
mno_choice_07_2no|用100先令让他闭嘴。
mno_choice_07_3no|让他永远闭嘴。
menu_event_08_normal|你穿越森林时发现一只动物被困在陷阱里了，你该怎么做？
mno_choice_08_1nor|放了那动物。
mno_choice_08_2nor|收了陷阱把动物给杀了！
mno_choice_08_3nor|不管它。
menu_event_09_normal|你接到消息说一群资深的战士闻风而来要加入你的部队。然而，他们要求得到更高的工资。
mno_choice_9_1nor|欢迎他们。
mno_choice_9_2nor|我不想再要人了。
mno_choice_9_3nor|杀了他们，或许还能抢到一笔钱。
menu_event_10_normal|你接到消息说一群妇女想参加随营队伍。
mno_choice_10_1nor|欢迎她们。
mno_choice_10_2nor|我不想要喂更多的嘴了。
menu_event_11_normal|你接到消息说一群街头乐手想以军乐手的身份加入你的队伍。
mno_choice_11_1no|欢迎他们。
mno_choice_11_2no|我不想再要人了。
menu_event_12_normal|你看到一只鹳在空中盘旋。
mno_choice_12_1nor|告诉你的人鹳意味着胜利！
mno_choice_12_2nor|不管它。
mno_choice_12_3nor|告诉你的人鹳意味着不祥的预兆，但你和他们命运与共！
menu_event_13_normal|你的去路被一个农民和他背后正在哭泣的女孩挡住了。他的手指向你的一个部下，他说那人强奸了自己的女儿，必须受到惩罚。
mno_choice_13_1nor|给这人烙上刻印并永远地驱逐出部队。
mno_choice_13_3nor|这世道不太平，男人也是有需要的。
menu_event_14_normal|一段时间后，你的部队在附近的村庄休息，一个牧师的妻子在她丈夫不在的时候单独见你。
mno_choice_14_1nor|接见她
mno_choice_14_3nor|拒绝她
menu_event_15_normal|你的威名吸引了一群青年勇士想要加入你的部队。
mno_choice_15_1nor|接受他们
mno_choice_15_2nor|我不想再要人了。
menu_event_16_normal|你在路上发现一个可怜的人。他看上去很累。您让人问他为什么在孤身一人在这里。他说他被抢劫，如果他不弄点钱他很快就会饿死。他说，他曾经是一名军人，并会成为忠诚的战士以报答你的恩泽。
mno_choice_16_1nor|人生而不平等，什么都不给他。
mno_choice_16_2nor|只给他一天的饭钱（10先令）。
mno_choice_16_4nor|只给他几天的饭钱（200先令）。
mno_choice_16_5nor|给他钱并让他加入部队。
menu_event_17_normal|一群土匪接近你的营地。当你的人拿起时武器，土匪们放下武器，他们说是为和平而来。土匪的领袖接近你，并询问他们是否可以加入你们。
mno_choice_17_1nor|当然！我的部队永远欢迎嗜血的男人！
mno_choice_17_2nor|对不起，我不接受你这种人。
mno_choice_17_3nor|用劫掠村庄来证明自己吧！
mno_choice_17_4nor|把他们全杀了！
menu_event_18_normal|你到了一个被人们遗忘的领主古墓。
mno_choice_18_1nor|去挖坟劫掠！
mno_choice_18_2nor|离开这里。
mno_choice_18_3nor|到墓碑前祈祷以表示尊敬。
menu_event_19_normal|你在村庄附近看到了一群没人看管的牛群。
mno_choice_19_1nor|把这些牛还回去并不要报酬。
mno_choice_19_2nor|我会还回牛群，但也是要报酬的。
mno_choice_19_3nor|吃晚餐！把动物围起来杀掉。
menu_event_20_normal|你的名誉和声望吸引了两个熊皮狂战士想加入你。
mno_choice_20_1nor|接受他们。
mno_choice_20_2nor|我不需要更多的人手。
menu_event_21_normal|你的名誉和声望吸引了两个狼皮狂战士想加入你。
mno_choice_21_1nor|接受他们。
mno_choice_21_2nor|我不需要更多的人手。
menu_event_22_normal|在休息中，一部分的你的手下，醉酒了，开始为最后的一瓶密酒打架。双方都剑拔弩张准备杀死对方。
mno_choice_22_1nor|允许他们继续打斗下去并以此娱乐你的部下。
mno_choice_22_2nor|下战时禁酒令并处死这两个醉汉。
mno_choice_22_3nor|停止这次打斗并以鞭刑处罚这两个醉汉。
menu_event_23_normal|在旅行中，你遇到了一个穿着长袍的男人，他说他可以卖给你卡里德福洛斯——亚瑟王的传奇之剑，定价8000个先令。
mno_choice_23_1nor|购买这把剑。
mno_choice_23_2nor|你没有钱去购买这把剑。
mno_choice_23_3nor|我没有兴趣。
menu_event_24_normal|在旅行中，你来到了一个农场。与普通的农场的热情好客大不相同，这些农民封锁了所有的入口并让他们的奴隶武装着，看守着门口，不过，你知道他们并不是你的战士的对手。
mno_choice_24_1nor|进攻并且烧掉这个农场以示惩戒。
mno_choice_24_2nor|离开，这并不值得让整个军队停下。
menu_event_25_normal|两个男人阻停了你的军队。他们告诉你你已经被五百个勇士包围了，他们时刻准备着发起进攻如果你不支付2000先令。
mno_choice_25_1nor|支付。
mno_choice_25_2nor|进攻！
mno_choice_25_3nor|离开。
menu_event_26_normal|一个你的斥候带来了一个袋子，你不想让他觉得你可疑，但是一个准备着战斗的战士永远不会带着这样一个袋子。听起来像是许多沉重的硬币，你决定
mno_choice_26_1nor|没收袋子并惩罚这个士兵。
mno_choice_26_2nor|容许他保留这个袋子，他为你出生入死，他享有这个权利。
mno_choice_26_3nor|强迫他与整个军队分享这些金子。
menu_event_27_normal|你的战士们带着一个老人出现了。在一段老生常谈之后，他告诉你他的村民们愿意加入你的军队并离开这个村子。接受他的请求会让他们的领主愤怒，你决定：
mno_choice_27_1nor|不要在当地的暴动中插手。
mno_choice_27_2nor|不帮他并且把他的尸体送到村子里。
mno_choice_27_3nor|你需要一些人手。
menu_event_28_normal|当你扎营的时候，附近的一个代表团出现了。他们说他们遇到了差的收成，并向你乞讨钱来养他们的孩子。
mno_choice_28_1nor|给他们4000个先令。
mno_choice_28_2nor|给他们1000个先令。
mno_choice_28_3nor|你告诉他们你没有足够的钱。
mno_choice_28_4nor|无视他们。
menu_event_29_normal|当你扎营的时候，附近的一个代表团出现了。他们看起来与他们的领主不和而来寻求你的建议。在维京人的洗劫之后，他们变得非常贫穷，但是他们必须向他们的领主缴税。他们的领主并没有从维京人的刀剑下保护他们，他们要在准备反戈一击，如果他们的领主袭击他们; 或交收税金，让他们的家人挨饿之间做出选择。
mno_choice_29_1nor|给他们8000先令让他们交税并购买食物。
mno_choice_29_2nor|给他们4000先令让他们交税。
mno_choice_29_3nor|你告诉他们应该战斗而不交税金。
mno_choice_29_4nor|他们应该交税金，因为他们的领主比饥饿更会杀人。
mno_choice_29_5nor|无视他们。
menu_event_30_normal|在路上，你找到了一个身患重病的女人，她的皮肤显露黄斑，而她不断地在咳嗽。她来自附近的一个村庄，不过无人能够治好她的疾病，他们把她留在那儿，希望过往者知道些能治好她的线索。
mno_choice_30_1nor|给她1000先令去找一位医者。
mno_choice_30_2nor|作为最好的医者，{reg3?你决定:{s3} 决定} 放血治疗。
mno_choice_30_3nor|离开她，她的疾病可能会传染。
menu_troop_camp|部队扎了一个小营地，你想先离开一小会。^^（选择你要留在营地的士兵，按给出取回键转换。）
mno_station_troops|管理部队
menu_start_beda_final|最终
menu_ship_capture|你能够俘虏敌人的一艘船，那是一艘{s2} ，但由于之前的战斗，“{s1}”的状况很恶劣。你想把这条船加入到你的舰队吗？
mno_capture|加入它。
mno_leave_ship|把船丢弃。
menu_sandboxmode_ok|开始沙盒模式？
mno_continuesdb|是的。
menu_start_sea_travel|你开始一趟海上之旅。
menu_mutiny_start|一些部队的士气低落。他们发动了兵变。
menu_mutiny_end|兵变后局势平静了下来。
menu_work_start|不久，你的四肢由于单调乏味的工作变的劳累，但仍然能支持你工作一整天的时间。
menu_work_end|你回忆了一天辛勤劳动。但是看了看自己的酬劳，你认为一个辛勤劳动的人的生活似乎是贫穷的。^^{s7}
menu_landing_point_encounter_as_marshal|你正在整顿部队并且试图上岸{s1} {s2} ^^你想现在上岸还是等会？
mno_disembark_yeslp|下船。
mno_disembark_nolp|等等。
menu_landet_ships_encounter_as_marshal|你正在整顿部队并且试图上船。{s1} {s2} ^^你想现在上船还是等会？
mno_reembark_yesls|上船。
mno_reembark_nols|等等。
menu_hunting|你找到了{s1} 。你希望干点什么？
mno_hunt_go|去狩猎。
menu_slave_hideout|你找到了一个藏身之处，你希望干点什么？
mno_not_now|不是现在。
mno_new_goal|选择一个新的目标。
