itm_no_item|INVALID ITEM{***}
itm_no_item_pl|INVALIDITEM
itm_tutorial_spear|矛
itm_tutorial_spear_pl|矛
itm_tutorial_club|木棒
itm_tutorial_club_pl|木棒
itm_tutorial_battle_axe|长战斧
itm_tutorial_battle_axe_pl|长战斧
itm_tutorial_arrows|箭
itm_tutorial_arrows_pl|箭
itm_tutorial_bolts|弩箭
itm_tutorial_bolts_pl|弩箭
itm_tutorial_short_bow|长弓
itm_tutorial_short_bow_pl|长弓
itm_tutorial_crossbow|弩
itm_tutorial_crossbow_pl|弩
itm_tutorial_throwing_daggers|标枪
itm_tutorial_throwing_daggers_pl|标枪
itm_tutorial_saddle_horse|带鞍矮种马
itm_tutorial_saddle_horse_pl|带鞍矮种马
itm_tutorial_shield|练习圆盾
itm_tutorial_shield_pl|练习圆盾
itm_tutorial_staff_no_attack|训练棍
itm_tutorial_staff_no_attack_pl|训练棍
itm_tutorial_staff|训练棍
itm_tutorial_staff_pl|训练棍
itm_tutorial_sword|训练剑
itm_tutorial_sword_pl|训练剑
itm_tutorial_axe|训练斧
itm_tutorial_axe_pl|训练斧
itm_tutorial_dagger|训练刀
itm_tutorial_dagger_pl|训练刀
itm_horse_meat|马肉
itm_horse_meat_pl|马肉
itm_practice_sword|平民剑
itm_practice_sword_pl|平民剑
itm_heavy_practice_sword|戈伊德尔冠军剑
itm_heavy_practice_sword_pl|戈伊德尔冠军剑
itm_practice_dagger|刀
itm_practice_dagger_pl|刀
itm_practice_axe|斧
itm_practice_axe_pl|斧
itm_arena_axe|短斧
itm_arena_axe_pl|短斧
itm_arena_sword|平民剑
itm_arena_sword_pl|平民剑
itm_arena_sword_two_handed|戈伊德尔冠军剑
itm_arena_sword_two_handed_pl|戈伊德尔冠军剑
itm_arena_lance|矛
itm_arena_lance_pl|矛
itm_practice_staff|权杖
itm_practice_staff_pl|权杖
itm_practice_lance|矛
itm_practice_lance_pl|矛
itm_practice_shield|练习盾
itm_practice_shield_pl|练习盾
itm_practice_bow|长弓
itm_practice_bow_pl|长弓
itm_practice_crossbow|吊索
itm_practice_crossbow_pl|吊索
itm_practice_javelin|标枪
itm_practice_javelin_pl|标枪
itm_practice_javelin_melee|标枪
itm_practice_javelin_melee_pl|标枪
itm_practice_throwing_daggers|标枪
itm_practice_throwing_daggers_pl|标枪
itm_practice_throwing_daggers_100_amount|标枪
itm_practice_throwing_daggers_100_amount_pl|标枪
itm_practice_horse|带鞍矮种马
itm_practice_horse_pl|带鞍矮种马
itm_practice_arrows|箭
itm_practice_arrows_pl|箭
itm_practice_bolts|吊索岩
itm_practice_bolts_pl|吊索岩
itm_practice_arrows_10_amount|箭
itm_practice_arrows_10_amount_pl|箭
itm_practice_arrows_100_amount|箭
itm_practice_arrows_100_amount_pl|箭
itm_practice_bolts_9_amount|练习弩箭
itm_practice_bolts_9_amount_pl|练习弩箭
itm_practice_boots|靴子
itm_practice_boots_pl|靴子
itm_red_tourney_armor|红色上衣
itm_red_tourney_armor_pl|红色上衣
itm_blue_tourney_armor|蓝色上衣
itm_blue_tourney_armor_pl|蓝色上衣
itm_green_tourney_armor|绿色上衣
itm_green_tourney_armor_pl|绿色上衣
itm_gold_tourney_armor|白色上衣
itm_gold_tourney_armor_pl|白色上衣
itm_red_tourney_helmet|帽子
itm_red_tourney_helmet_pl|帽子
itm_blue_tourney_helmet|帽子
itm_blue_tourney_helmet_pl|帽子
itm_green_tourney_helmet|帽子
itm_green_tourney_helmet_pl|帽子
itm_gold_tourney_helmet|帽子
itm_gold_tourney_helmet_pl|帽子
itm_arena_shield_red|轻圆盾
itm_arena_shield_red_pl|轻圆盾
itm_arena_shield_blue|轻圆盾
itm_arena_shield_blue_pl|轻圆盾
itm_arena_shield_green|轻圆盾
itm_arena_shield_green_pl|轻圆盾
itm_arena_shield_yellow|轻圆盾
itm_arena_shield_yellow_pl|轻圆盾
itm_arena_armor_white|白色上衣
itm_arena_armor_white_pl|白色上衣
itm_arena_armor_red|红色上衣
itm_arena_armor_red_pl|红色上衣
itm_arena_armor_blue|蓝色上衣
itm_arena_armor_blue_pl|蓝色上衣
itm_arena_armor_green|绿色上衣
itm_arena_armor_green_pl|绿色上衣
itm_arena_armor_yellow|黄色上衣
itm_arena_armor_yellow_pl|黄色上衣
itm_arena_tunic_white|白色上衣
itm_arena_tunic_white_pl|白色上衣
itm_arena_tunic_red|红色上衣
itm_arena_tunic_red_pl|红色上衣
itm_arena_tunic_blue|蓝色上衣
itm_arena_tunic_blue_pl|蓝色上衣
itm_arena_tunic_green|绿色上衣
itm_arena_tunic_green_pl|绿色上衣
itm_arena_tunic_yellow|黄色上衣
itm_arena_tunic_yellow_pl|黄色上衣
itm_arena_helmet_red|护鼻盔
itm_arena_helmet_red_pl|护鼻盔
itm_arena_helmet_blue|护鼻盔
itm_arena_helmet_blue_pl|护鼻盔
itm_arena_helmet_green|护鼻盔
itm_arena_helmet_green_pl|护鼻盔
itm_arena_helmet_yellow|护鼻盔
itm_arena_helmet_yellow_pl|护鼻盔
itm_steppe_helmet_white|护鼻盔
itm_steppe_helmet_white_pl|护鼻盔
itm_steppe_helmet_red|护鼻盔
itm_steppe_helmet_red_pl|护鼻盔
itm_steppe_helmet_blue|护鼻盔
itm_steppe_helmet_blue_pl|护鼻盔
itm_steppe_helmet_green|护鼻盔
itm_steppe_helmet_green_pl|护鼻盔
itm_steppe_helmet_yellow|护鼻盔
itm_steppe_helmet_yellow_pl|护鼻盔
itm_tourney_helm_white|护鼻盔
itm_tourney_helm_white_pl|护鼻盔
itm_tourney_helm_red|护鼻盔
itm_tourney_helm_red_pl|护鼻盔
itm_tourney_helm_blue|护鼻盔
itm_tourney_helm_blue_pl|护鼻盔
itm_tourney_helm_green|护鼻盔
itm_tourney_helm_green_pl|护鼻盔
itm_tourney_helm_yellow|护鼻盔
itm_tourney_helm_yellow_pl|护鼻盔
itm_arena_turban_red|帽子
itm_arena_turban_red_pl|帽子
itm_arena_turban_blue|帽子
itm_arena_turban_blue_pl|帽子
itm_arena_turban_green|帽子
itm_arena_turban_green_pl|帽子
itm_arena_turban_yellow|帽子
itm_arena_turban_yellow_pl|帽子
itm_book_tactics|伯罗奔尼撒战争史
itm_book_tactics_pl|伯罗奔尼撒战争史
itm_book_persuasion|修辞学
itm_book_persuasion_pl|修辞学
itm_book_leadership|亚历山大大帝传记
itm_book_leadership_pl|亚历山大大帝传记
itm_book_intelligence|派代亚的希腊古典教育学
itm_book_intelligence_pl|派代亚的希腊古典教育学
itm_book_trade|亚里士多德的经济论
itm_book_trade_pl|亚里士多德的经济论
itm_book_weapon_mastery|色诺芬的斯巴达政体论
itm_book_weapon_mastery_pl|色诺芬的斯巴达政体论
itm_book_engineering|维特鲁威的建筑学
itm_book_engineering_pl|维特鲁威的建筑学
itm_book_wound_treatment_reference|迪奥斯科里季斯的药物学
itm_book_wound_treatment_reference_pl|迪奥斯科里季斯的药物学
itm_book_training_reference|兵法简述
itm_book_training_reference_pl|兵法简述
itm_book_surgery_reference|古希腊医学大纲
itm_book_surgery_reference_pl|古希腊医学大纲
itm_relic|科伦西尔之经
itm_relic_pl|科伦西尔之经
itm_mead|蜂蜜酒
itm_mead_pl|蜂蜜酒
itm_salt|盐
itm_salt_pl|盐
itm_tar|柏油
itm_tar_pl|柏油
itm_jewelry|珠宝
itm_jewelry_pl|珠宝
itm_raw_flax|亚麻捆
itm_raw_flax_pl|亚麻捆
itm_linen|亚麻布
itm_linen_pl|亚麻布
itm_wool|羊毛
itm_wool_pl|羊毛
itm_vc_wool_cloth|羊毛布
itm_vc_wool_cloth_pl|羊毛布
itm_amber|琥珀
itm_amber_pl|琥珀
itm_ivory|海象象牙
itm_ivory_pl|海象象牙
itm_silver|银
itm_silver_pl|银
itm_iron|生铁
itm_iron_pl|生铁
itm_stone|矿石
itm_stone_pl|nan
itm_tools|工具
itm_tools_pl|工具
itm_vc_raw_leather|兽皮
itm_vc_raw_leather_pl|兽皮
itm_timber|木材
itm_timber_pl|木材
itm_soapstone|皂石
itm_soapstone_pl|皂石
itm_vc_furs|毛皮
itm_vc_furs_pl|毛皮
itm_wine|葡萄酒
itm_wine_pl|葡萄酒
itm_ale|麦芽酒
itm_ale_pl|麦芽酒
itm_smoked_fish|熏鱼
itm_smoked_fish_pl|熏鱼
itm_cheese|奶酪
itm_cheese_pl|奶酪
itm_vc_honey|蜂蜜
itm_vc_honey_pl|蜂蜜
itm_sausages|腊肠
itm_sausages_pl|腊肠
itm_cabbages|蔬菜
itm_cabbages_pl|蔬菜
itm_dried_meat|风干肉
itm_dried_meat_pl|风干肉
itm_apples|苹果
itm_apples_pl|苹果
itm_barley|大麦
itm_barley_pl|大麦
itm_venison|野猪肉
itm_venison_pl|野猪肉
itm_grain|小麦
itm_grain_pl|小麦
itm_cattle_meat|牛肉
itm_cattle_meat_pl|牛肉
itm_bread|面包
itm_bread_pl|面包
itm_chicken|鸡肉
itm_chicken_pl|鸡肉
itm_pork|猪肉
itm_pork_pl|猪肉
itm_butter|奶油
itm_butter_pl|奶油
itm_siege_supply|补给品
itm_siege_supply_pl|补给品
itm_quest_wine|葡萄酒
itm_quest_wine_pl|葡萄酒
itm_quest_ale|麦芽酒
itm_quest_ale_pl|麦芽酒
itm_common_horse|马
itm_common_horse_pl|马
itm_common_horse2|马
itm_common_horse2_pl|马
itm_common_pony|矮种马
itm_common_pony_pl|矮种马
itm_common_pony2|矮种马
itm_common_pony2_pl|矮种马
itm_wild_horse|野生马
itm_wild_horse_pl|野生马
itm_wild_horse2|野生马
itm_wild_horse2_pl|野生马
itm_wild_pony|野生矮种马
itm_wild_pony_pl|野生矮种马
itm_wild_pony2|野生矮种马
itm_wild_pony2_pl|野生矮种马
itm_cow1|牛
itm_cow1_pl|牛
itm_cow2|牛
itm_cow2_pl|牛
itm_arrows|箭
itm_arrows_pl|箭
itm_khergit_arrows|锋利的箭
itm_khergit_arrows_pl|锋利的箭
itm_barbed_arrows|倒刺箭
itm_barbed_arrows_pl|倒刺箭
itm_bodkin_arrows|锥头箭
itm_bodkin_arrows_pl|锥头箭
itm_bolts|弩箭
itm_bolts_pl|弩箭
itm_bolts2|锋利的弩箭
itm_bolts2_pl|锋利的弩箭
itm_bolts3|倒刺弩箭
itm_bolts3_pl|倒刺弩箭
itm_bolts4|锥头弩箭
itm_bolts4_pl|锥头弩箭
itm_pilgrim_disguise|朝圣者服
itm_pilgrim_disguise_pl|朝圣者服
itm_pilgrim_hood|朝圣者风帽
itm_pilgrim_hood_pl|朝圣者风帽
itm_leather_gloves|皮手套
itm_leather_gloves_pl|皮手套
itm_carbatinae_1|皮鞋
itm_carbatinae_1_pl|皮鞋
itm_carbatinae_2|绑腿
itm_carbatinae_2_pl|绑腿
itm_carbatinae_3|皮鞋
itm_carbatinae_3_pl|皮鞋
itm_carbatinae_4|皮鞋
itm_carbatinae_4_pl|皮鞋
itm_carbatinae_5|绑腿
itm_carbatinae_5_pl|绑腿
itm_carbatinae_6|皮鞋
itm_carbatinae_6_pl|皮鞋
itm_carbatinae_7|绑腿
itm_carbatinae_7_pl|绑腿
itm_carbatinae_8|皮鞋
itm_carbatinae_8_pl|皮鞋
itm_carbatinae_9|绑腿
itm_carbatinae_9_pl|绑腿
itm_carbatinae_10|皮鞋
itm_carbatinae_10_pl|皮鞋
itm_carbatinae_vc1|短统靴
itm_carbatinae_vc1_pl|短统靴
itm_carbatinae_vc2|短统靴
itm_carbatinae_vc2_pl|短统靴
itm_carbatinae_vc3|短统靴
itm_carbatinae_vc3_pl|短统靴
itm_carbatinae_vc4|优质绑腿
itm_carbatinae_vc4_pl|优质绑腿
itm_carbatinae_vc5|短统靴
itm_carbatinae_vc5_pl|短统靴
itm_carbatinae_vc6|短统靴
itm_carbatinae_vc6_pl|短统靴
itm_carbatinae_1s|皮鞋
itm_carbatinae_1s_pl|皮鞋
itm_carbatinae_2s|绑腿
itm_carbatinae_2s_pl|绑腿
itm_carbatinae_3s|绑腿
itm_carbatinae_3s_pl|绑腿
itm_carbatinae_4s|生皮鞋
itm_carbatinae_4s_pl|生皮鞋
itm_carbatinae_5s|生皮鞋
itm_carbatinae_5s_pl|生皮鞋
itm_carbatinae_6s|短统靴
itm_carbatinae_6s_pl|短统靴
itm_carbatinae_vc1s|优质绑腿
itm_carbatinae_vc1s_pl|优质绑腿
itm_carbatinae_vc2s|短统靴
itm_carbatinae_vc2s_pl|短统靴
itm_carbatinae_vc3s|优质绑腿
itm_carbatinae_vc3s_pl|优质绑腿
itm_carbatinae_vc4s|绑腿
itm_carbatinae_vc4s_pl|绑腿
itm_carbatinae_1v|短统靴
itm_carbatinae_1v_pl|短统靴
itm_carbatinae_2v|绑腿靴
itm_carbatinae_2v_pl|绑腿靴
itm_carbatinae_3v|绑腿
itm_carbatinae_3v_pl|绑腿
itm_carbatinae_4v|优质绑腿
itm_carbatinae_4v_pl|优质绑腿
itm_carbatinae_5v|生皮鞋
itm_carbatinae_5v_pl|生皮鞋
itm_carbatinae_6v|绑腿靴
itm_carbatinae_6v_pl|绑腿靴
itm_carbatinae_vc1v|短统靴
itm_carbatinae_vc1v_pl|短统靴
itm_carbatinae_vc2v|优质绑腿
itm_carbatinae_vc2v_pl|优质绑腿
itm_carbatinae_11q|皮鞋
itm_carbatinae_11q_pl|皮鞋
itm_carbatinae_12q|皮鞋
itm_carbatinae_12q_pl|皮鞋
itm_carbatinae_11qs|优质绑腿靴
itm_carbatinae_11qs_pl|优质绑腿靴
itm_carbatinae_12qs|优质绑腿靴
itm_carbatinae_12qs_pl|优质绑腿靴
itm_carbatinae_13qs|优质绑腿靴
itm_carbatinae_13qs_pl|优质绑腿靴
itm_carbatinae_14qs|优质绑腿
itm_carbatinae_14qs_pl|优质绑腿
itm_carbatinae_14qv|优质绑腿靴
itm_carbatinae_14qv_pl|优质绑腿靴
itm_bare_foot_man|穷人鞋
itm_bare_foot_man_pl|穷人鞋
itm_just_man_boots_medium|生皮鞋
itm_just_man_boots_medium_pl|生皮鞋
itm_just_man_boots_light|光亮短统靴
itm_just_man_boots_light_pl|光亮短统靴
itm_just_man_shoes|皮鞋
itm_just_man_shoes_pl|皮鞋
itm_just_man_boots_dark|光亮短统靴
itm_just_man_boots_dark_pl|光亮短统靴
itm_gaelshoes_1|戈伊德尔鞋
itm_gaelshoes_1_pl|戈伊德尔鞋
itm_gaelshoes_2|戈伊德尔鞋
itm_gaelshoes_2_pl|戈伊德尔鞋
itm_gaelshoes_3|戈伊德尔靴
itm_gaelshoes_3_pl|戈伊德尔靴
itm_womenshoes_1|单鞋
itm_womenshoes_1_pl|单鞋
itm_womenshoes_2|短统单靴
itm_womenshoes_2_pl|短统单靴
itm_womenshoes_3|单鞋
itm_womenshoes_3_pl|单鞋
itm_womenshoes_4|短统单靴
itm_womenshoes_4_pl|短统单靴
itm_womenshoes_5|单鞋
itm_womenshoes_5_pl|单鞋
itm_womenshoes_6|短统单靴
itm_womenshoes_6_pl|短统单靴
itm_womenshoes_7|单鞋
itm_womenshoes_7_pl|单鞋
itm_womenshoes_8|单鞋
itm_womenshoes_8_pl|单鞋
itm_long_tunic1|弗里斯轻甲
itm_long_tunic1_pl|弗里斯轻甲
itm_nobleman_outfit|撒克逊轻甲
itm_nobleman_outfit_pl|撒克逊轻甲
itm_troll_tunic|山妖的外衣
itm_troll_tunic_pl|山妖的外衣
itm_priest1|牧师长袍
itm_priest1_pl|牧师长袍
itm_priest2|牧师长袍
itm_priest2_pl|牧师长袍
itm_robe|僧袍
itm_robe_pl|僧袍
itm_robe2|僧袍
itm_robe2_pl|僧袍
itm_robe3|僧袍
itm_robe3_pl|僧袍
itm_robe4|僧袍
itm_robe4_pl|僧袍
itm_robe5|僧袍
itm_robe5_pl|僧袍
itm_robe6|僧袍
itm_robe6_pl|僧袍
itm_robe7|僧袍
itm_robe7_pl|僧袍
itm_robe8|僧袍
itm_robe8_pl|僧袍
itm_robe9|僧袍
itm_robe9_pl|僧袍
itm_robe10|僧袍
itm_robe10_pl|僧袍
itm_ptunic_1|简易盎格鲁上衣
itm_ptunic_1_pl|简易盎格鲁上衣
itm_ptunic_2|盎格鲁轻甲
itm_ptunic_2_pl|盎格鲁轻甲
itm_ptunic_3|盎格鲁上衣
itm_ptunic_3_pl|盎格鲁上衣
itm_ptunic_4|盎格鲁上衣
itm_ptunic_4_pl|盎格鲁上衣
itm_ptunic_5|简易盎格鲁上衣
itm_ptunic_5_pl|简易盎格鲁上衣
itm_ptunic_6|盎格鲁上衣
itm_ptunic_6_pl|盎格鲁上衣
itm_ptunic_7|盎格鲁衬里上衣
itm_ptunic_7_pl|盎格鲁衬里上衣
itm_ptunic_8|盎格鲁衬里上衣
itm_ptunic_8_pl|盎格鲁衬里上衣
itm_ptunic_9|盎格鲁轻甲
itm_ptunic_9_pl|盎格鲁轻甲
itm_ptunic_10|盎格鲁上衣
itm_ptunic_10_pl|盎格鲁上衣
itm_ptunic_11|盎格鲁上衣
itm_ptunic_11_pl|盎格鲁上衣
itm_ptunic_12|盎格鲁轻甲
itm_ptunic_12_pl|盎格鲁轻甲
itm_btunic_1|披风
itm_btunic_1_pl|披风
itm_btunic_2|裤子
itm_btunic_2_pl|裤子
itm_btunic_3|诺尔斯上衣
itm_btunic_3_pl|诺尔斯上衣
itm_btunic_4|诺尔斯上衣
itm_btunic_4_pl|诺尔斯上衣
itm_btunic_5|诺尔斯上衣
itm_btunic_5_pl|诺尔斯上衣
itm_btunic_6|诺尔斯上衣
itm_btunic_6_pl|诺尔斯上衣
itm_btunic_7|诺尔斯上衣
itm_btunic_7_pl|诺尔斯上衣
itm_btunic_8|简易诺尔斯上衣
itm_btunic_8_pl|简易诺尔斯上衣
itm_btunic_9|简易诺尔斯上衣
itm_btunic_9_pl|简易诺尔斯上衣
itm_btunic_10|简易诺尔斯上衣
itm_btunic_10_pl|简易诺尔斯上衣
itm_btunic_11|诺尔斯上衣
itm_btunic_11_pl|诺尔斯上衣
itm_btunic_12|诺尔斯轻甲
itm_btunic_12_pl|诺尔斯轻甲
itm_btunic_13|诺尔斯上衣
itm_btunic_13_pl|诺尔斯上衣
itm_btunic_14|诺尔斯上衣
itm_btunic_14_pl|诺尔斯上衣
itm_btunic_15|诺尔斯轻甲
itm_btunic_15_pl|诺尔斯轻甲
itm_btunic_16|诺尔斯轻甲
itm_btunic_16_pl|诺尔斯轻甲
itm_hoodtunic_01|外衣
itm_hoodtunic_01_pl|外衣
itm_hoodtunic_02|外衣
itm_hoodtunic_02_pl|外衣
itm_hoodtunic_03|外衣
itm_hoodtunic_03_pl|外衣
itm_hoodtunic_04|外衣
itm_hoodtunic_04_pl|外衣
itm_hoodtunic_05|外衣
itm_hoodtunic_05_pl|外衣
itm_hoodtunic_06|外衣
itm_hoodtunic_06_pl|外衣
itm_hoodtunic_07|外衣
itm_hoodtunic_07_pl|外衣
itm_hoodtunic_08|斗篷
itm_hoodtunic_08_pl|斗篷
itm_bl_tunic01|华丽红色上衣
itm_bl_tunic01_pl|贵妇红色上衣
itm_bl_tunic02|撒克逊轻甲
itm_bl_tunic02_pl|撒克逊轻甲
itm_bl_tunic03|撒克逊轻甲
itm_bl_tunic03_pl|撒克逊轻甲
itm_bl_tunic04|简易撒克逊上衣
itm_bl_tunic04_pl|简易撒克逊上衣
itm_bl_tunic05|简易撒克逊上衣
itm_bl_tunic05_pl|简易撒克逊上衣
itm_bl_tunic06|撒克逊上衣
itm_bl_tunic06_pl|撒克逊上衣
itm_bl_tunic07|撒克逊上衣
itm_bl_tunic07_pl|撒克逊上衣
itm_bl_tunic08|撒克逊衬里上衣
itm_bl_tunic08_pl|撒克逊衬里上衣
itm_bl_tunic09|撒克逊轻甲
itm_bl_tunic09_pl|撒克逊轻甲
itm_bl_tunic10|撒克逊上衣
itm_bl_tunic10_pl|撒克逊上衣
itm_bl_tunic11|撒克逊上衣
itm_bl_tunic11_pl|撒克逊上衣
itm_bl_tunic12|撒克逊上衣
itm_bl_tunic12_pl|撒克逊上衣
itm_red_cloak|撒克逊带披风上衣
itm_red_cloak_pl|撒克逊带披风上衣
itm_yellow_cloak|弗里斯带披风上衣
itm_yellow_cloak_pl|弗里斯带披风上衣
itm_green_cloak|皮克特轻甲
itm_green_cloak_pl|皮克特轻甲
itm_blue_cloak|带披风上衣
itm_blue_cloak_pl|带披风上衣
itm_leather_cloak|带披风上衣
itm_leather_cloak_pl|带披风上衣
itm_yellow2_cloak|简易盎格鲁上衣
itm_yellow2_cloak_pl|简易盎格鲁上衣
itm_briton_tunic1|布立吞上衣
itm_briton_tunic1_pl|布立吞上衣
itm_briton_tunic2|布立吞上衣
itm_briton_tunic2_pl|布立吞上衣
itm_briton_tunic3|布立吞上衣
itm_briton_tunic3_pl|布立吞上衣
itm_briton_tunic4|简易布立吞上衣
itm_briton_tunic4_pl|简易布立吞上衣
itm_briton_tunic5|简易布立吞上衣
itm_briton_tunic5_pl|简易布立吞上衣
itm_briton_tunic6|简易布立吞上衣
itm_briton_tunic6_pl|简易布立吞上衣
itm_briton_tunic7|布立吞上衣
itm_briton_tunic7_pl|布立吞上衣
itm_briton_tunic8|布立吞轻甲
itm_briton_tunic8_pl|布立吞轻甲
itm_briton_tunic9|布立吞上衣
itm_briton_tunic9_pl|布立吞上衣
itm_briton_tunic10|布立吞上衣
itm_briton_tunic10_pl|布立吞上衣
itm_briton_tunic11|布立吞上衣
itm_briton_tunic11_pl|布立吞上衣
itm_briton_tunic12|布立吞上衣
itm_briton_tunic12_pl|布立吞上衣
itm_briton_tunic13|布立吞上衣
itm_briton_tunic13_pl|布立吞上衣
itm_briton_tunic14|布立吞上衣
itm_briton_tunic14_pl|布立吞上衣
itm_briton_tunic15|皮克特上衣
itm_briton_tunic15_pl|皮克特上衣
itm_briton_tunic16|皮克特上衣
itm_briton_tunic16_pl|皮克特上衣
itm_briton_tunic17|皮克特上衣
itm_briton_tunic17_pl|皮克特上衣
itm_briton_tunic18|皮克特上衣
itm_briton_tunic18_pl|皮克特上衣
itm_briton_tunic19|皮克特轻甲
itm_briton_tunic19_pl|皮克特轻甲
itm_briton_tunic20|戈伊德尔连帽上衣
itm_briton_tunic20_pl|戈伊德尔连帽上衣
itm_briton_tunic21|戈伊德尔连帽上衣
itm_briton_tunic21_pl|戈伊德尔连帽上衣
itm_briton_tunic22|戈伊德尔连帽上衣
itm_briton_tunic22_pl|戈伊德尔连帽上衣
itm_briton_tunic23|戈伊德尔连帽上衣
itm_briton_tunic23_pl|戈伊德尔连帽上衣
itm_briton_tunic24|戈伊德尔上衣
itm_briton_tunic24_pl|戈伊德尔上衣
itm_briton_tunic25|戈伊德尔上衣
itm_briton_tunic25_pl|戈伊德尔上衣
itm_briton_tunic26|戈伊德尔上衣
itm_briton_tunic26_pl|戈伊德尔上衣
itm_briton_tunic27|戈伊德尔上衣
itm_briton_tunic27_pl|戈伊德尔上衣
itm_briton_tunic28|戈伊德尔上衣
itm_briton_tunic28_pl|戈伊德尔上衣
itm_celta_capa1|戈伊德尔上衣
itm_celta_capa1_pl|戈伊德尔上衣
itm_celta_capa2|戈伊德尔长披风
itm_celta_capa2_pl|戈伊德尔长披风
itm_celta_capa3|戈伊德尔裤子
itm_celta_capa3_pl|戈伊德尔裤子
itm_celta_capa4|戈伊德尔裤子
itm_celta_capa4_pl|戈伊德尔裤子
itm_brat1|戈伊德尔华丽披风
itm_brat1_pl|戈伊德尔华丽披风
itm_brat2|戈伊德尔华丽披风
itm_brat2_pl|戈伊德尔华丽披风
itm_brat3|戈伊德尔轻甲
itm_brat3_pl|戈伊德尔轻甲
itm_brat4|戈伊德尔轻甲
itm_brat4_pl|戈伊德尔轻甲
itm_gael_tunic_01|皮克特上衣
itm_gael_tunic_01_pl|皮克特上衣
itm_gael_tunic_02|皮克特上衣
itm_gael_tunic_02_pl|皮克特上衣
itm_gael_tunic_03|盎格鲁上衣
itm_gael_tunic_03_pl|盎格鲁上衣
itm_gael_tunic_04|盎格鲁上衣
itm_gael_tunic_04_pl|盎格鲁上衣
itm_gael_tunic_05|带披风戈伊德尔上衣
itm_gael_tunic_05_pl|带披风戈伊德尔上衣
itm_gael_tunic_06|带披风戈伊德尔上衣
itm_gael_tunic_06_pl|带披风戈伊德尔上衣
itm_gael_tunic_07|戈伊德尔上衣
itm_gael_tunic_07_pl|戈伊德尔上衣
itm_gael_tunic_08|带兜帽戈伊德尔上衣
itm_gael_tunic_08_pl|带兜帽戈伊德尔上衣
itm_gael_hoodtunic_09|带兜帽戈伊德尔上衣
itm_gael_hoodtunic_09_pl|带兜帽戈伊德尔上衣
itm_gael_hoodtunic_10|带兜帽戈伊德尔上衣
itm_gael_hoodtunic_10_pl|带兜帽戈伊德尔上衣
itm_gael_hoodtunic_11|带兜帽戈伊德尔上衣
itm_gael_hoodtunic_11_pl|带兜帽戈伊德尔上衣
itm_gael_hoodtunic_12|带兜帽戈伊德尔轻甲
itm_gael_hoodtunic_12_pl|带兜帽戈伊德尔轻甲
itm_picts_tunic_09|诺尔斯裤子
itm_picts_tunic_09_pl|诺尔斯裤子
itm_picts_tunic_10|诺尔斯裤子
itm_picts_tunic_10_pl|诺尔斯裤子
itm_picts_tunic_11|诺尔斯披风
itm_picts_tunic_11_pl|诺尔斯披风
itm_picts_tunic_12|布立吞轻甲
itm_picts_tunic_12_pl|布立吞轻甲
itm_picts_tunic_13|布立吞上衣
itm_picts_tunic_13_pl|布立吞上衣
itm_picts_tunic_14|黄色皮克特上衣
itm_picts_tunic_14_pl|黄色皮克特上衣
itm_picts_tunic_15|白色皮克特上衣
itm_picts_tunic_15_pl|白色皮克特上衣
itm_picts_tunic_16|弗里斯裤子
itm_picts_tunic_16_pl|弗里斯裤子
itm_pictish_painted1|皮克特赤膊
itm_pictish_painted1_pl|皮克特赤膊
itm_pictish_painted2|皮克特赤膊
itm_pictish_painted2_pl|皮克特赤膊
itm_pictish_painted3|皮克特赤膊
itm_pictish_painted3_pl|皮克特赤膊
itm_pictish_painted4|皮克特赤膊
itm_pictish_painted4_pl|皮克特赤膊
itm_picts_hoodtunic_01|皮克特披风
itm_picts_hoodtunic_01_pl|皮克特披风
itm_picts_hoodtunic_02|皮克特披风
itm_picts_hoodtunic_02_pl|皮克特披风
itm_picts_hoodtunic_03|皮克特披风
itm_picts_hoodtunic_03_pl|皮克特披风
itm_picts_hoodtunic_04|皮克特披风
itm_picts_hoodtunic_04_pl|皮克特披风
itm_picts_hoodtunic_05|皮克特披风
itm_picts_hoodtunic_05_pl|皮克特披风
itm_picts_hoodtunic_06|皮克特披风
itm_picts_hoodtunic_06_pl|皮克特披风
itm_picts_hoodtunic_07|皮克特披风
itm_picts_hoodtunic_07_pl|皮克特披风
itm_picts_hoodtunic_11|皮克特帽兜上衣
itm_picts_hoodtunic_11_pl|皮克特帽兜上衣
itm_picts_hoodtunic_12|皮克特帽兜上衣
itm_picts_hoodtunic_12_pl|皮克特帽兜上衣
itm_picts_hoodtunic_13|皮克特帽兜上衣
itm_picts_hoodtunic_13_pl|皮克特帽兜上衣
itm_picts_hoodtunic_14|皮克特帽兜上衣
itm_picts_hoodtunic_14_pl|皮克特帽兜上衣
itm_picts_hoodtunic_15|皮克特帽兜上衣
itm_picts_hoodtunic_15_pl|皮克特帽兜上衣
itm_picts_hoodtunic_16|皮克特帽兜上衣
itm_picts_hoodtunic_16_pl|皮克特帽兜上衣
itm_picts_hoodtunic_17|皮克特帽兜上衣
itm_picts_hoodtunic_17_pl|皮克特帽兜上衣
itm_picts_hoodtunic_18|皮克特轻甲
itm_picts_hoodtunic_18_pl|皮克特轻甲
itm_linen_tunic|皮克特上衣
itm_linen_tunic_pl|皮克特上衣
itm_woman_saxon1|撒克逊长裙
itm_woman_saxon1_pl|撒克逊长裙
itm_woman_saxon2|撒克逊长裙
itm_woman_saxon2_pl|撒克逊长裙
itm_woman_saxon3|撒克逊长裙
itm_woman_saxon3_pl|撒克逊长裙
itm_woman_saxon4|撒克逊长裙
itm_woman_saxon4_pl|撒克逊长裙
itm_woman_saxon5|撒克逊长裙
itm_woman_saxon5_pl|撒克逊长裙
itm_woman_saxon6|撒克逊长裙
itm_woman_saxon6_pl|撒克逊长裙
itm_woman_saxon7|撒克逊长裙
itm_woman_saxon7_pl|撒克逊长裙
itm_woman_saxon8|撒克逊长裙
itm_woman_saxon8_pl|撒克逊长裙
itm_woman_saxon9|撒克逊长裙
itm_woman_saxon9_pl|撒克逊长裙
itm_woman_saxon10|撒克逊长裙
itm_woman_saxon10_pl|撒克逊长裙
itm_woman_saxon11|撒克逊长裙
itm_woman_saxon11_pl|撒克逊长裙
itm_richwoman_saxon1|撒克逊贵妇长裙
itm_richwoman_saxon1_pl|撒克逊贵妇长裙
itm_richwoman_saxon2|撒克逊贵妇长裙
itm_richwoman_saxon2_pl|撒克逊贵妇长裙
itm_richwoman_saxon3|撒克逊贵妇长裙
itm_richwoman_saxon3_pl|撒克逊贵妇长裙
itm_richwoman_saxon4|撒克逊贵妇长裙
itm_richwoman_saxon4_pl|撒克逊贵妇长裙
itm_richwoman_saxon5|撒克逊贵妇长裙
itm_richwoman_saxon5_pl|撒克逊贵妇长裙
itm_richwoman_saxon6|撒克逊贵妇长裙
itm_richwoman_saxon6_pl|撒克逊贵妇长裙
itm_richwoman_saxon7|撒克逊贵妇长裙
itm_richwoman_saxon7_pl|撒克逊贵妇长裙
itm_richwoman_saxon8|撒克逊贵妇长裙
itm_richwoman_saxon8_pl|撒克逊贵妇长裙
itm_richwoman_saxon9|撒克逊贵妇长裙
itm_richwoman_saxon9_pl|撒克逊贵妇长裙
itm_queenwoman_saxon|撒克逊皇家长裙
itm_queenwoman_saxon_pl|撒克逊皇家长裙
itm_queenpict_long_tunic|贵妇长裙
itm_queenpict_long_tunic_pl|贵妇长裙
itm_pict_richlong_tunic1|贵妇长裙
itm_pict_richlong_tunic1_pl|贵妇长裙
itm_pict_richlong_tunic2|贵妇长裙
itm_pict_richlong_tunic2_pl|贵妇长裙
itm_pict_richlong_tunic3|贵妇长裙
itm_pict_richlong_tunic3_pl|贵妇长裙
itm_pict_long_tunic1|长裙
itm_pict_long_tunic1_pl|长裙
itm_pict_long_tunic2|长裙
itm_pict_long_tunic2_pl|长裙
itm_pict_long_tunic3|长裙
itm_pict_long_tunic3_pl|长裙
itm_pict_long_tunic4|长裙
itm_pict_long_tunic4_pl|长裙
itm_pict_long_tunic5|长裙
itm_pict_long_tunic5_pl|长裙
itm_pict_long_tunic6|长裙
itm_pict_long_tunic6_pl|长裙
itm_woman_norse1|诺尔斯长裙
itm_woman_norse1_pl|诺尔斯长裙
itm_woman_norse2|诺尔斯长裙
itm_woman_norse2_pl|诺尔斯长裙
itm_woman_norse3|诺尔斯长裙
itm_woman_norse3_pl|诺尔斯长裙
itm_woman_norse4|诺尔斯长裙
itm_woman_norse4_pl|诺尔斯长裙
itm_woman_norse5|诺尔斯长裙
itm_woman_norse5_pl|诺尔斯长裙
itm_woman_norse6|诺尔斯长裙
itm_woman_norse6_pl|诺尔斯长裙
itm_richwoman_norse1|诺尔斯贵妇长裙
itm_richwoman_norse1_pl|诺尔斯贵妇长裙
itm_richwoman_norse2|诺尔斯贵妇长裙
itm_richwoman_norse2_pl|诺尔斯贵妇长裙
itm_richwoman_norse3|诺尔斯贵妇长裙
itm_richwoman_norse3_pl|诺尔斯贵妇长裙
itm_richwoman_norse4|诺尔斯贵妇长裙
itm_richwoman_norse4_pl|诺尔斯贵妇长裙
itm_btunic_1woman|短上衣
itm_btunic_1woman_pl|短上衣
itm_btunic_2woman|短上衣
itm_btunic_2woman_pl|短上衣
itm_btunic_3woman|弗里斯短上衣
itm_btunic_3woman_pl|弗里斯短上衣
itm_btunic_4woman|弗里斯短上衣
itm_btunic_4woman_pl|弗里斯短上衣
itm_btunic_5woman|弗里斯短上衣
itm_btunic_5woman_pl|弗里斯短上衣
itm_btunic_6woman|弗里斯短上衣
itm_btunic_6woman_pl|弗里斯短上衣
itm_btunic_7woman|盎格鲁上衣
itm_btunic_7woman_pl|盎格鲁上衣
itm_btunic_8woman|短上衣
itm_btunic_8woman_pl|短上衣
itm_ptunic_1woman|短上衣
itm_ptunic_1woman_pl|短上衣
itm_ptunic_2woman|短上衣
itm_ptunic_2woman_pl|短上衣
itm_ptunic_3woman|短上衣
itm_ptunic_3woman_pl|短上衣
itm_ptunic_4woman|短上衣
itm_ptunic_4woman_pl|短上衣
itm_ptunic_5woman|短上衣
itm_ptunic_5woman_pl|短上衣
itm_ptunic_6woman|短上衣
itm_ptunic_6woman_pl|短上衣
itm_ptunic_7woman|短上衣
itm_ptunic_7woman_pl|短上衣
itm_gaeltunic_1woman|弗里斯短上衣
itm_gaeltunic_1woman_pl|弗里斯短上衣
itm_gaeltunic_2woman|弗里斯短上衣
itm_gaeltunic_2woman_pl|弗里斯短上衣
itm_gaeltunic_3woman|弗里斯短上衣
itm_gaeltunic_3woman_pl|弗里斯短上衣
itm_gaeltunic_4woman|弗里斯轻甲
itm_gaeltunic_4woman_pl|弗里斯轻甲
itm_gaeltunic_5woman|弗里斯短上衣
itm_gaeltunic_5woman_pl|弗里斯短上衣
itm_gaeltunic_6woman|弗里斯短上衣
itm_gaeltunic_6woman_pl|弗里斯短上衣
itm_gaeltunic_7woman|弗里斯短上衣
itm_gaeltunic_7woman_pl|弗里斯短上衣
itm_gaeltunic_8woman|弗里斯短上衣
itm_gaeltunic_8woman_pl|弗里斯短上衣
itm_britontunic_1woman|黑色上衣
itm_britontunic_1woman_pl|黑色上衣
itm_britontunic_2woman|蓝色上衣
itm_britontunic_2woman_pl|蓝色上衣
itm_britontunic_3woman|绿色上衣
itm_britontunic_3woman_pl|绿色上衣
itm_britontunic_4woman|橙色上衣
itm_britontunic_4woman_pl|橙色上衣
itm_britontunic_5woman|白色上衣
itm_britontunic_5woman_pl|白色上衣
itm_britontunic_6woman|黄色上衣
itm_britontunic_6woman_pl|黄色上衣
itm_britontunic_7woman|红色上衣
itm_britontunic_7woman_pl|红色上衣
itm_britontunic_8woman|紫色上衣
itm_britontunic_8woman_pl|紫色上衣
itm_veil_a|面纱
itm_veil_a_pl|面纱
itm_veil_b|面纱
itm_veil_b_pl|面纱
itm_veil_c|面纱
itm_veil_c_pl|面纱
itm_veil_d|面纱
itm_veil_d_pl|面纱
itm_veil_e|面纱
itm_veil_e_pl|面纱
itm_veil_f|面纱
itm_veil_f_pl|面纱
itm_elite_veil_1|女士面纱
itm_elite_veil_1_pl|女士面纱
itm_elite_veil_2|女士面纱
itm_elite_veil_2_pl|女士面纱
itm_elite_veil_3|女士面纱
itm_elite_veil_3_pl|女士面纱
itm_elite_veil_4|女士面纱
itm_elite_veil_4_pl|女士面纱
itm_common_veil_a|面纱
itm_common_veil_a_pl|面纱
itm_common_veil_b|面纱
itm_common_veil_b_pl|面纱
itm_common_veil_c|面纱
itm_common_veil_c_pl|面纱
itm_common_veil_d|面纱
itm_common_veil_d_pl|面纱
itm_common_veil_e|面纱
itm_common_veil_e_pl|面纱
itm_common_veil_f|面纱
itm_common_veil_f_pl|面纱
itm_elite_veil_5|女士面纱
itm_elite_veil_5_pl|女士面纱
itm_elite_veil_6|女士面纱
itm_elite_veil_6_pl|女士面纱
itm_elite_veil_7|女士面纱
itm_elite_veil_7_pl|女士面纱
itm_elite_veil_8|女士面纱
itm_elite_veil_8_pl|女士面纱
itm_gambeson1|撒克逊软甲
itm_gambeson1_pl|撒克逊软甲
itm_gambeson2|撒克逊软甲
itm_gambeson2_pl|撒克逊软甲
itm_gambeson3|撒克逊软甲
itm_gambeson3_pl|撒克逊软甲
itm_gambeson4|诺尔斯软甲
itm_gambeson4_pl|诺尔斯软甲
itm_gambeson5|诺尔斯软甲
itm_gambeson5_pl|诺尔斯软甲
itm_gambeson6|撒克逊软甲
itm_gambeson6_pl|撒克逊软甲
itm_gambeson7|撒克逊软甲
itm_gambeson7_pl|撒克逊软甲
itm_gambeson8|诺尔斯软甲
itm_gambeson8_pl|诺尔斯软甲
itm_gambeson9|撒克逊软甲
itm_gambeson9_pl|撒克逊软甲
itm_gambeson10|盎格鲁软甲
itm_gambeson10_pl|盎格鲁软甲
itm_gambeson11|盎格鲁软甲
itm_gambeson11_pl|盎格鲁软甲
itm_gambeson12|布立吞软甲
itm_gambeson12_pl|布立吞软甲
itm_gambeson13|诺尔斯软甲
itm_gambeson13_pl|诺尔斯软甲
itm_gambeson14|诺尔斯软甲
itm_gambeson14_pl|诺尔斯软甲
itm_gambeson15|撒克逊长软甲
itm_gambeson15_pl|撒克逊长软甲
itm_gambeson16|布立吞软甲
itm_gambeson16_pl|布立吞软甲
itm_gambeson17|盎格鲁软甲
itm_gambeson17_pl|盎格鲁软甲
itm_gambeson18|撒克逊长软甲
itm_gambeson18_pl|撒克逊长软甲
itm_gambeson19|弗里斯软甲
itm_gambeson19_pl|弗里斯软甲
itm_gambeson20|弗里斯软甲
itm_gambeson20_pl|弗里斯软甲
itm_gambeson21|平民软甲
itm_gambeson21_pl|平民软甲
itm_gambeson22|平民软甲
itm_gambeson22_pl|平民软甲
itm_gambeson23|平民软甲
itm_gambeson23_pl|平民软甲
itm_gambeson24|平民软甲
itm_gambeson24_pl|平民软甲
itm_gambeson1gael|皮克特软甲
itm_gambeson1gael_pl|皮克特软甲
itm_gambeson2gael|皮克特软甲
itm_gambeson2gael_pl|皮克特软甲
itm_gambeson3gael|皮克特软甲
itm_gambeson3gael_pl|皮克特软甲
itm_gambeson4gael|皮克特软甲
itm_gambeson4gael_pl|皮克特软甲
itm_gambeson5gael|皮克特软甲
itm_gambeson5gael_pl|皮克特软甲
itm_gambeson6gael|皮克特软甲
itm_gambeson6gael_pl|皮克特软甲
itm_gambeson7gael|皮克特软甲
itm_gambeson7gael_pl|皮克特软甲
itm_gambeson8gael|皮克特软甲
itm_gambeson8gael_pl|皮克特软甲
itm_gambeson9gael|戈伊德尔软甲
itm_gambeson9gael_pl|戈伊德尔软甲
itm_gambeson10gael|戈伊德尔软甲
itm_gambeson10gael_pl|戈伊德尔软甲
itm_gambeson11gael|戈伊德尔软甲
itm_gambeson11gael_pl|戈伊德尔软甲
itm_gambeson12gael|戈伊德尔软甲
itm_gambeson12gael_pl|戈伊德尔软甲
itm_gambeson13gael|戈伊德尔软甲
itm_gambeson13gael_pl|戈伊德尔软甲
itm_gambeson14gael|戈伊德尔软甲
itm_gambeson14gael_pl|戈伊德尔软甲
itm_gambeson15gael|戈伊德尔软甲
itm_gambeson15gael_pl|戈伊德尔软甲
itm_gambeson16gael|戈伊德尔软甲
itm_gambeson16gael_pl|戈伊德尔软甲
itm_gambeson1cloak|皮克特软甲
itm_gambeson1cloak_pl|皮克特软甲
itm_gambeson2cloak|皮克特软甲
itm_gambeson2cloak_pl|皮克特软甲
itm_gambeson5cloak|戈伊德尔软甲
itm_gambeson5cloak_pl|戈伊德尔软甲
itm_gambeson6cloak|戈伊德尔软甲
itm_gambeson6cloak_pl|戈伊德尔软甲
itm_gambeson3cloak|弗里斯软甲
itm_gambeson3cloak_pl|弗里斯软甲
itm_gambeson4cloak|弗里斯软甲
itm_gambeson4cloak_pl|弗里斯软甲
itm_gambeson25|诺尔斯长软甲
itm_gambeson25_pl|诺尔斯长软甲
itm_gambeson26|盎格鲁长软甲
itm_gambeson26_pl|盎格鲁长软甲
itm_gambeson27|诺尔斯长软甲
itm_gambeson27_pl|诺尔斯长软甲
itm_gambeson28|盎格鲁软甲
itm_gambeson28_pl|盎格鲁软甲
itm_gambeson29|诺尔斯长软甲
itm_gambeson29_pl|诺尔斯长软甲
itm_gambeson30|平民长软甲
itm_gambeson30_pl|平民长软甲
itm_gambeson31|平民长软甲
itm_gambeson31_pl|平民长软甲
itm_gambeson32|撒克逊长软甲
itm_gambeson32_pl|撒克逊长软甲
itm_gambeson33|弗里斯长软甲
itm_gambeson33_pl|弗里斯长软甲
itm_gambeson34|盎格鲁长软甲
itm_gambeson34_pl|盎格鲁长软甲
itm_gambeson35|诺尔斯软甲
itm_gambeson35_pl|诺尔斯软甲
itm_gambeson36|布立吞长软甲
itm_gambeson36_pl|布立吞长软甲
itm_gambeson37|布立吞软甲
itm_gambeson37_pl|布立吞软甲
itm_gambeson38|布立吞长软甲
itm_gambeson38_pl|布立吞长软甲
itm_gambeson39|盎格鲁长软甲
itm_gambeson39_pl|盎格鲁长软甲
itm_gambeson40|布立吞长软甲
itm_gambeson40_pl|布立吞长软甲
itm_gambeson41|布立吞长软甲
itm_gambeson41_pl|布立吞长软甲
itm_gambeson42|布立吞长软甲
itm_gambeson42_pl|布立吞长软甲
itm_gambeson43|诺尔斯长软甲
itm_gambeson43_pl|诺尔斯长软甲
itm_gambeson44|弗里斯长软甲
itm_gambeson44_pl|弗里斯长软甲
itm_gambeson45|盎格鲁软甲
itm_gambeson45_pl|盎格鲁软甲
itm_gambeson46|弗里斯长软甲
itm_gambeson46_pl|弗里斯长软甲
itm_gambeson47|平民长软甲
itm_gambeson47_pl|平民长软甲
itm_gambeson48|平民长软甲
itm_gambeson48_pl|平民长软甲
itm_mail_shirt|弗里斯重型锁子甲
itm_mail_shirt_pl|弗里斯重型锁子甲
itm_mail_shirt_1|平民重型锁子甲
itm_mail_shirt_1_pl|平民重型锁子甲
itm_mail_shirt_2|皮克特胸甲
itm_mail_shirt_2_pl|皮克特胸甲
itm_mail_shirt_3|平民重型锁子甲
itm_mail_shirt_3_pl|平民重型锁子甲
itm_mail_shirt_6|外披毛皮的锁子甲
itm_mail_shirt_6_pl|外披毛皮的锁子甲
itm_mail_shirt_7|外披毛皮的锁子甲
itm_mail_shirt_7_pl|外披毛皮的锁子甲
itm_mail_shirt_8|外披毛皮的锁子甲
itm_mail_shirt_8_pl|外披毛皮的锁子甲
itm_mail_shirt_9|外披毛皮的锁子甲
itm_mail_shirt_9_pl|外披毛皮的锁子甲
itm_mail_shirt_10|蓝钢重型锁子甲
itm_mail_shirt_10_pl|蓝钢重型锁子甲
itm_mail_shirt_11|布立吞链甲衣
itm_mail_shirt_11_pl|布立吞链甲衣
itm_mail_shirt_11_2|弗里斯链甲衣
itm_mail_shirt_11_2_pl|弗里斯链甲衣
itm_mail_shirt_11_3|皮克特胸甲
itm_mail_shirt_11_3_pl|皮克特胸甲
itm_mail_shirt_12|带披风蓝钢重型锁子甲
itm_mail_shirt_12_pl|带披风蓝钢重型锁子甲
itm_mail_shirt_13|带披风蓝钢重型锁子甲
itm_mail_shirt_13_pl|带披风蓝钢重型锁子甲
itm_mail_shirt_4|撒克逊重型锁子甲
itm_mail_shirt_4_pl|撒克逊重型锁子甲
itm_mail_shirt_5|撒克逊重型锁子甲
itm_mail_shirt_5_pl|撒克逊重型锁子甲
itm_mail_shirt_5_1|撒克逊重型锁子甲
itm_mail_shirt_5_1_pl|撒克逊重型锁子甲
itm_mail_shirt_5_2|撒克逊重型锁子甲
itm_mail_shirt_5_2_pl|撒克逊重型锁子甲
itm_mail_shirt_12_1|重型锁子甲
itm_mail_shirt_12_1_pl|重型锁子甲
itm_mail_shirt_12_2|重型锁子甲
itm_mail_shirt_12_2_pl|重型锁子甲
itm_mail_shirt_12_3|重型锁子甲
itm_mail_shirt_12_3_pl|重型锁子甲
itm_mail_shirt_12_4|重型锁子甲
itm_mail_shirt_12_4_pl|重型锁子甲
itm_mail_shirt_13_1|撒克逊重型锁子甲
itm_mail_shirt_13_1_pl|撒克逊重型锁子甲
itm_mail_shirt_13_2|撒克逊重型锁子甲
itm_mail_shirt_13_2_pl|撒克逊重型锁子甲
itm_mail_shirt_13_3|撒克逊重型锁子甲
itm_mail_shirt_13_3_pl|撒克逊重型锁子甲
itm_mail_shirt_13_4|撒克逊重型锁子甲
itm_mail_shirt_13_4_pl|撒克逊重型锁子甲
itm_byrnie|长袖锁甲袍
itm_byrnie_pl|长袖锁甲袍
itm_byrnie2|弗里斯长袖锁甲袍
itm_byrnie2_pl|弗里斯长袖锁甲袍
itm_byrnie3|长袖锁甲袍
itm_byrnie3_pl|长袖锁甲袍
itm_byrnie4|布立吞长袖锁甲袍
itm_byrnie4_pl|布立吞长袖锁甲袍
itm_byrnie5|撒克逊长袖锁甲袍
itm_byrnie5_pl|撒克逊长袖锁甲袍
itm_byrnie6|布立吞长袖锁甲袍
itm_byrnie6_pl|布立吞长袖锁甲袍
itm_byrnie7|弗里斯长袖锁甲袍
itm_byrnie7_pl|弗里斯长袖锁甲袍
itm_byrnie8|弗里斯长袖锁甲袍
itm_byrnie8_pl|弗里斯长袖锁甲袍
itm_byrnie9|外披毛皮的长袖锁甲袍
itm_byrnie9_pl|外披毛皮的长袖锁甲袍
itm_byrnie10|带斗篷长袖锁甲袍
itm_byrnie10_pl|带斗篷长袖锁甲袍
itm_byrnie11|蓝钢长袖锁甲袍
itm_byrnie11_pl|蓝钢长袖锁甲袍
itm_byrnie12|带斗篷长袖锁甲袍
itm_byrnie12_pl|带斗篷长袖锁甲袍
itm_byrnie13|带斗篷长袖锁甲袍
itm_byrnie13_pl|带斗篷长袖锁甲袍
itm_byrnie14|带披风蓝钢长袖锁甲袍
itm_byrnie14_pl|带披风蓝钢长袖锁甲袍
itm_byrnie15|带斗篷布立吞锁子甲
itm_byrnie15_pl|带斗篷布立吞锁子甲
itm_byrnie16|诺尔斯锁子甲
itm_byrnie16_pl|诺尔斯锁子甲
itm_byrnie17|诺尔斯锁子甲
itm_byrnie17_pl|诺尔斯锁子甲
itm_byrnie18|诺尔斯锁子甲
itm_byrnie18_pl|诺尔斯锁子甲
itm_byrnie19|诺尔斯锁子甲
itm_byrnie19_pl|诺尔斯锁子甲
itm_byrnie20|弗里斯锁子甲
itm_byrnie20_pl|弗里斯锁子甲 
itm_byrnie21|撒克逊胸甲
itm_byrnie21_pl|撒克逊胸甲
itm_byrnie22|撒克逊锁子甲
itm_byrnie22_pl|撒克逊锁子甲
itm_byrnie23|盎格鲁锁子甲
itm_byrnie23_pl|盎格鲁锁子甲
itm_byrnie24|盎格鲁锁子甲
itm_byrnie24_pl|盎格鲁锁子甲
itm_byrnie25|盎格鲁锁子甲
itm_byrnie25_pl|盎格鲁锁子甲
itm_byrnie26|盎格鲁锁子甲
itm_byrnie26_pl|盎格鲁锁子甲
itm_byrnie27|带斗篷盎格鲁锁子甲
itm_byrnie27_pl|带斗篷盎格鲁锁子甲
itm_byrnie28|外披毛皮的盎格鲁锁子甲
itm_byrnie28_pl|外披毛皮的盎格鲁锁子甲
itm_byrnie29|带斗篷盎格鲁锁子甲
itm_byrnie29_pl|带斗篷盎格鲁锁子甲
itm_byrnie30|外披毛皮的盎格鲁锁子甲
itm_byrnie30_pl|外披毛皮的盎格鲁锁子甲
itm_byrnie31|带斗篷长袖锁甲袍
itm_byrnie31_pl|带斗篷长袖锁甲袍
itm_byrnie32|带斗篷长袖锁甲袍
itm_byrnie32_pl|带斗篷长袖锁甲袍
itm_byrnie33|带斗篷长袖锁甲袍
itm_byrnie33_pl|带斗篷长袖锁甲袍
itm_byrnie34|带斗篷长袖锁甲袍
itm_byrnie34_pl|带斗篷长袖锁甲袍
itm_byrnie35|弗里斯重型锁子甲
itm_byrnie35_pl|弗里斯重型锁子甲
itm_byrnie36|戈伊德尔重型锁子甲
itm_byrnie36_pl|戈伊德尔重型锁子甲
itm_byrnie37|戈伊德尔重型锁子甲
itm_byrnie37_pl|戈伊德尔重型锁子甲
itm_byrnie38|戈伊德尔重型锁子甲
itm_byrnie38_pl|戈伊德尔重型锁子甲
itm_orm_byrnie|奥姆锁子甲
itm_orm_byrnie_pl|奥姆锁子甲
itm_lamellar_armor|吓人的锁子甲
itm_lamellar_armor_pl|吓人的锁子甲
itm_burlap_tunic|麻布短袍
itm_burlap_tunic_pl|麻布短袍
itm_hood_01|风帽
itm_hood_01_pl|风帽
itm_hood_02|风帽
itm_hood_02_pl|风帽
itm_phrygian1|头巾
itm_phrygian1_pl|头巾
itm_phrygian2|头巾
itm_phrygian2_pl|头巾
itm_phrygian3|头巾
itm_phrygian3_pl|头巾
itm_phrygian4|头巾
itm_phrygian4_pl|头巾
itm_phrygian5|头巾
itm_phrygian5_pl|头巾
itm_phrygian6|头巾
itm_phrygian6_pl|头巾
itm_phrygian7|优质头巾
itm_phrygian7_pl|优质头巾
itm_phrygian8|优质头巾
itm_phrygian8_pl|优质头巾
itm_phrygian9|优质头巾
itm_phrygian9_pl|优质头巾
itm_phrygian10|优质头巾
itm_phrygian10_pl|优质头巾
itm_phrygian11|优质头巾
itm_phrygian11_pl|优质头巾
itm_phrygian12|优质头巾
itm_phrygian12_pl|优质头巾
itm_phrygian13|优质头巾
itm_phrygian13_pl|优质头巾
itm_phrygian14|带装饰的头巾
itm_phrygian14_pl|带装饰的头巾
itm_phrygian15|带装饰的头巾
itm_phrygian15_pl|带装饰的头巾
itm_phrygian16|带装饰的头巾
itm_phrygian16_pl|带装饰的头巾
itm_phrygian17|带装饰的头巾
itm_phrygian17_pl|带装饰的头巾
itm_briton_helm|简易头盔
itm_briton_helm_pl|简易头盔
itm_briton_helm2|简易头盔
itm_briton_helm2_pl|简易头盔
itm_briton_helm3|老式简易头盔
itm_briton_helm3_pl|老式简易头盔
itm_briton_helm4|老式简易头盔
itm_briton_helm4_pl|老式简易头盔
itm_briton_helm5|带皮护颈简易头盔
itm_briton_helm5_pl|带皮护颈简易头盔
itm_briton_helm6|带皮护颈简易头盔
itm_briton_helm6_pl|带皮护颈简易头盔
itm_briton_helm7|老式带皮护颈简易头盔
itm_briton_helm7_pl|老式带皮护颈简易头盔
itm_briton_helm8|老式带皮护颈简易头盔
itm_briton_helm8_pl|老式带皮护颈简易头盔
itm_briton_helm9|全盔
itm_briton_helm9_pl|全盔
itm_briton_helm10|全盔
itm_briton_helm10_pl|全盔
itm_briton_helm11|老式全盔
itm_briton_helm11_pl|老式全盔
itm_briton_helm12|老式全盔
itm_briton_helm12_pl|老式全盔
itm_briton_helm13|全盔
itm_briton_helm13_pl|全盔
itm_briton_helm14|全盔
itm_briton_helm14_pl|全盔
itm_briton_helm15|全盔
itm_briton_helm15_pl|全盔
itm_briton_helm16|老式全盔
itm_briton_helm16_pl|老式全盔
itm_briton_helm17|老式全盔
itm_briton_helm17_pl|老式全盔
itm_briton_helm18|老式全盔
itm_briton_helm18_pl|老式全盔
itm_briton_helm19|带护鼻头盔
itm_briton_helm19_pl|带护鼻头盔
itm_briton_helm20|带护鼻头盔
itm_briton_helm20_pl|带护鼻头盔
itm_briton_helm21|带护鼻头盔
itm_briton_helm21_pl|带护鼻头盔
itm_briton_helm22|老式带护鼻头盔
itm_briton_helm22_pl|老式带护鼻头盔
itm_briton_helm23|老式带护鼻头盔
itm_briton_helm23_pl|老式带护鼻头盔
itm_briton_helm24|老式带护鼻头盔
itm_briton_helm24_pl|老式带护鼻头盔
itm_briton_helm25|带皮护颈头盔
itm_briton_helm25_pl|带皮护颈头盔
itm_briton_helm26|带皮护颈头盔
itm_briton_helm26_pl|带皮护颈头盔
itm_briton_helm27|带皮护颈头盔
itm_briton_helm27_pl|带皮护颈头盔
itm_briton_helm28|老式带皮护颈头盔
itm_briton_helm28_pl|老式带皮护颈头盔
itm_briton_helm29|老式带皮护颈头盔
itm_briton_helm29_pl|老式带皮护颈头盔
itm_briton_helm30|老式带皮护颈头盔
itm_briton_helm30_pl|老式带皮护颈头盔
itm_briton_helm31|链甲护颈头盔
itm_briton_helm31_pl|链甲护颈头盔
itm_briton_helm32|链甲护颈头盔
itm_briton_helm32_pl|链甲护颈头盔
itm_briton_helm33|链甲护颈头盔
itm_briton_helm33_pl|链甲护颈头盔
itm_briton_helm34|链甲护颈头盔
itm_briton_helm34_pl|链甲护颈头盔
itm_briton_helm35|全盔
itm_briton_helm35_pl|全盔
itm_briton_helm36|全盔
itm_briton_helm36_pl|全盔
itm_briton_helm37|全盔
itm_briton_helm37_pl|全盔
itm_briton_helm38|老式全盔
itm_briton_helm38_pl|老式全盔
itm_briton_helm39|老式全盔
itm_briton_helm39_pl|老式全盔
itm_briton_helm40|老式全盔
itm_briton_helm40_pl|老式全盔
itm_spangenhelm_1|简易头盔
itm_spangenhelm_1_pl|简易头盔
itm_spangenhelm_2|简易头盔
itm_spangenhelm_2_pl|简易头盔
itm_spangenhelm_3|老式简易头盔
itm_spangenhelm_3_pl|老式简易头盔
itm_spangenhelm_4|老式简易头盔
itm_spangenhelm_4_pl|老式简易头盔
itm_spangenhelm_5|简易链甲护颈头盔
itm_spangenhelm_5_pl|简易链甲护颈头盔
itm_spangenhelm_6|简易链甲护颈头盔
itm_spangenhelm_6_pl|简易链甲护颈头盔
itm_spangenhelm_7|老式带皮护颈头盔
itm_spangenhelm_7_pl|老式带皮护颈头盔
itm_spangenhelm_8|老式简易链甲护颈头盔
itm_spangenhelm_8_pl|老式简易链甲护颈头盔
itm_spangenhelm_9|全盔
itm_spangenhelm_9_pl|全盔
itm_spangenhelm_10|全盔
itm_spangenhelm_10_pl|全盔
itm_spangenhelm_11|老式全盔
itm_spangenhelm_11_pl|老式全盔
itm_spangenhelm_12|老式全盔
itm_spangenhelm_12_pl|老式全盔
itm_spangenhelm_13|全盔
itm_spangenhelm_13_pl|全盔
itm_spangenhelm_14|全盔
itm_spangenhelm_14_pl|全盔
itm_spangenhelm_15|全盔
itm_spangenhelm_15_pl|全盔
itm_spangenhelm_16|老式全盔
itm_spangenhelm_16_pl|老式全盔
itm_spangenhelm_17|老式全盔
itm_spangenhelm_17_pl|老式全盔
itm_spangenhelm_18|老式全盔
itm_spangenhelm_18_pl|老式全盔
itm_spangenhelm_19|带护鼻头盔
itm_spangenhelm_19_pl|带护鼻头盔
itm_spangenhelm_20|带护鼻头盔
itm_spangenhelm_20_pl|带护鼻头盔
itm_spangenhelm_21|带护鼻头盔
itm_spangenhelm_21_pl|带护鼻头盔
itm_spangenhelm_22|带护鼻头盔
itm_spangenhelm_22_pl|带护鼻头盔
itm_spangenhelm_23|老式头盔
itm_spangenhelm_23_pl|老式头盔
itm_spangenhelm_24|老式带护鼻头盔
itm_spangenhelm_24_pl|老式带护鼻头盔
itm_spangenhelm_25|带皮护颈头盔
itm_spangenhelm_25_pl|带皮护颈头盔
itm_spangenhelm_26|带皮护颈头盔
itm_spangenhelm_26_pl|带皮护颈头盔
itm_spangenhelm_27|带皮护颈头盔
itm_spangenhelm_27_pl|带皮护颈头盔
itm_spangenhelm_28|老式带皮护颈头盔
itm_spangenhelm_28_pl|老式带皮护颈头盔
itm_spangenhelm_29|老式带皮护颈头盔
itm_spangenhelm_29_pl|老式带皮护颈头盔
itm_spangenhelm_30|撒克逊带皮护颈头盔
itm_spangenhelm_30_pl|撒克逊带皮护颈头盔
itm_spangenhelm_31|链甲护颈头盔
itm_spangenhelm_31_pl|链甲护颈头盔
itm_spangenhelm_32|链甲护颈头盔
itm_spangenhelm_32_pl|链甲护颈头盔
itm_spangenhelm_33|老式链甲护颈头盔
itm_spangenhelm_33_pl|老式链甲护颈头盔
itm_spangenhelm_34|老式链甲护颈头盔
itm_spangenhelm_34_pl|老式链甲护颈头盔
itm_spangenhelm_35|全盔
itm_spangenhelm_35_pl|全盔
itm_spangenhelm_36|全盔
itm_spangenhelm_36_pl|全盔
itm_spangenhelm_37|全盔
itm_spangenhelm_37_pl|全盔
itm_spangenhelm_38|老式全盔
itm_spangenhelm_38_pl|老式全盔
itm_spangenhelm_39|老式全盔
itm_spangenhelm_39_pl|老式全盔
itm_spangenhelm_40|老式全盔
itm_spangenhelm_40_pl|老式全盔
itm_vikingold_helm|老式诺尔斯盔
itm_vikingold_helm_pl|老式诺尔斯盔
itm_vikingold_helm2|老式诺尔斯盔
itm_vikingold_helm2_pl|老式诺尔斯盔
itm_vikingold_helm3|带护鼻老式诺尔斯盔
itm_vikingold_helm3_pl|带护鼻老式诺尔斯盔
itm_vikingold_helm4|带护鼻老式诺尔斯盔
itm_vikingold_helm4_pl|带护鼻老式诺尔斯盔
itm_vikingold_helm5|带护鼻老式诺尔斯盔
itm_vikingold_helm5_pl|带护鼻老式诺尔斯盔
itm_vikingold_helm6|带护鼻老式诺尔斯盔
itm_vikingold_helm6_pl|带护鼻老式诺尔斯盔
itm_vikingold_helm7|老式头盔
itm_vikingold_helm7_pl|老式头盔
itm_vikingold_helm8|老式头盔
itm_vikingold_helm8_pl|老式头盔
itm_vikingold_helm9|带护鼻老式诺尔斯盔
itm_vikingold_helm9_pl|带护鼻老式诺尔斯盔
itm_vikingold_helm10|带护鼻老式诺尔斯盔
itm_vikingold_helm10_pl|带护鼻老式诺尔斯盔
itm_vikingold_helm11|带护鼻老式诺尔斯盔
itm_vikingold_helm11_pl|带护鼻老式诺尔斯盔
itm_vikingold_helm12|带护鼻老式诺尔斯盔
itm_vikingold_helm12_pl|带护鼻老式诺尔斯盔
itm_vikingold_helm13|老式诺尔斯链甲护颈头盔
itm_vikingold_helm13_pl|老式诺尔斯链甲护颈头盔
itm_vikingold_helm14|老式诺尔斯链甲护颈头盔
itm_vikingold_helm14_pl|老式诺尔斯链甲护颈头盔
itm_vikingold_helm15|老式诺尔斯链甲护颈头盔
itm_vikingold_helm15_pl|老式诺尔斯链甲护颈头盔
itm_vikingold_helm16|老式诺尔斯链甲护颈头盔
itm_vikingold_helm16_pl|老式诺尔斯链甲护颈头盔
itm_vikingold_helm17|老式诺尔斯链甲护颈头盔
itm_vikingold_helm17_pl|老式诺尔斯链甲护颈头盔
itm_vikingold_helm18|老式诺尔斯链甲护颈头盔
itm_vikingold_helm18_pl|老式诺尔斯链甲护颈头盔
itm_vikingold_helm19|老式诺尔斯全盔
itm_vikingold_helm19_pl|老式诺尔斯全盔
itm_vikingold_helm20|老式诺尔斯全盔
itm_vikingold_helm20_pl|老式诺尔斯全盔
itm_vikingold_helm21|老式诺尔斯全盔
itm_vikingold_helm21_pl|老式诺尔斯全盔
itm_vikingold_helm22|老式诺尔斯全盔
itm_vikingold_helm22_pl|老式诺尔斯全盔
itm_vikingold_helm23|老式诺尔斯全盔
itm_vikingold_helm23_pl|老式诺尔斯全盔
itm_vikingold_helm24|老式诺尔斯全盔
itm_vikingold_helm24_pl|老式诺尔斯全盔
itm_viking_helm|简易诺尔斯盔
itm_viking_helm_pl|简易诺尔斯盔
itm_viking_helm2|简易诺尔斯盔
itm_viking_helm2_pl|简易诺尔斯盔
itm_viking_helm3|带护鼻诺尔斯盔
itm_viking_helm3_pl|带护鼻诺尔斯盔
itm_viking_helm4|带护鼻诺尔斯盔
itm_viking_helm4_pl|带护鼻诺尔斯盔
itm_viking_helm5|带护鼻诺尔斯盔
itm_viking_helm5_pl|带护鼻诺尔斯盔
itm_viking_helm6|带护鼻诺尔斯盔
itm_viking_helm6_pl|带护鼻诺尔斯盔
itm_viking_helm7|诺尔斯盔
itm_viking_helm7_pl|诺尔斯盔
itm_viking_helm8|诺尔斯盔
itm_viking_helm8_pl|诺尔斯盔
itm_viking_helm9|带护鼻诺尔斯盔
itm_viking_helm9_pl|带护鼻诺尔斯盔
itm_viking_helm10|带护鼻诺尔斯盔
itm_viking_helm10_pl|带护鼻诺尔斯盔
itm_viking_helm11|带护鼻诺尔斯盔
itm_viking_helm11_pl|带护鼻诺尔斯盔
itm_viking_helm12|带护鼻诺尔斯盔
itm_viking_helm12_pl|带护鼻诺尔斯盔
itm_viking_helm13|诺尔斯链甲护颈盔
itm_viking_helm13_pl|诺尔斯链甲护颈盔
itm_viking_helm14|诺尔斯链甲护颈盔
itm_viking_helm14_pl|诺尔斯链甲护颈盔
itm_viking_helm15|带护鼻诺尔斯盔
itm_viking_helm15_pl|带护鼻诺尔斯盔
itm_viking_helm16|带护鼻诺尔斯盔
itm_viking_helm16_pl|带护鼻诺尔斯盔
itm_viking_helm17|带护鼻诺尔斯盔
itm_viking_helm17_pl|带护鼻诺尔斯盔
itm_viking_helm18|带护鼻诺尔斯盔
itm_viking_helm18_pl|带护鼻诺尔斯盔
itm_viking_helm19|诺尔斯全盔
itm_viking_helm19_pl|诺尔斯全盔
itm_viking_helm20|诺尔斯全盔
itm_viking_helm20_pl|诺尔斯全盔
itm_viking_helm21|诺尔斯全盔
itm_viking_helm21_pl|诺尔斯全盔
itm_viking_helm22|诺尔斯全盔
itm_viking_helm22_pl|诺尔斯全盔
itm_viking_helm23|诺尔斯全盔
itm_viking_helm23_pl|诺尔斯全盔
itm_viking_helm24|诺尔斯全盔
itm_viking_helm24_pl|诺尔斯全盔
itm_vikingold_elitehelm1|老式诺尔斯盔
itm_vikingold_elitehelm1_pl|老式诺尔斯盔
itm_vikingold_elitehelm2|老式诺尔斯盔
itm_vikingold_elitehelm2_pl|老式诺尔斯盔
itm_vikingold_elitehelm3|老式诺尔斯盔
itm_vikingold_elitehelm3_pl|老式诺尔斯盔
itm_vikingold_elitehelm4|老式带皮护颈诺尔斯盔
itm_vikingold_elitehelm4_pl|老式带皮护颈诺尔斯盔
itm_vikingold_elitehelm5|老式带皮护颈诺尔斯盔
itm_vikingold_elitehelm5_pl|老式带皮护颈诺尔斯盔
itm_vikingold_elitehelm6|老式诺尔斯链甲护颈头盔
itm_vikingold_elitehelm6_pl|老式诺尔斯链甲护颈头盔
itm_vikingold_elitehelm7|老式诺尔斯链甲护颈头盔
itm_vikingold_elitehelm7_pl|老式诺尔斯链甲护颈头盔
itm_vikingold_elitehelm8|老式诺尔斯链甲护颈头盔
itm_vikingold_elitehelm8_pl|老式诺尔斯链甲护颈头盔
itm_vikingold_elitehelm9|老式诺尔斯链甲护颈头盔
itm_vikingold_elitehelm9_pl|老式诺尔斯链甲护颈头盔
itm_viking_elitehelm1|诺尔斯盔
itm_viking_elitehelm1_pl|诺尔斯盔
itm_viking_elitehelm2|诺尔斯盔
itm_viking_elitehelm2_pl|诺尔斯盔
itm_viking_elitehelm3|带皮护颈诺尔斯盔
itm_viking_elitehelm3_pl|带皮护颈诺尔斯盔
itm_viking_elitehelm4|诺尔斯盔
itm_viking_elitehelm4_pl|诺尔斯盔
itm_viking_elitehelm5|带皮护颈诺尔斯盔
itm_viking_elitehelm5_pl|带皮护颈诺尔斯盔
itm_viking_elitehelm6|带皮护颈诺尔斯盔
itm_viking_elitehelm6_pl|带皮护颈诺尔斯盔
itm_viking_elitehelm7|诺尔斯链甲护颈盔
itm_viking_elitehelm7_pl|诺尔斯链甲护颈盔
itm_viking_elitehelm8|诺尔斯链甲护颈盔
itm_viking_elitehelm8_pl|诺尔斯链甲护颈盔
itm_viking_elitehelm9|诺尔斯链甲护颈盔
itm_viking_elitehelm9_pl|诺尔斯链甲护颈盔
itm_viking_noblehelm1|诺尔斯精英盔
itm_viking_noblehelm1_pl|诺尔斯精英盔
itm_viking_noblehelm2|带皮护颈诺尔斯精英盔
itm_viking_noblehelm2_pl|带皮护颈诺尔斯精英盔
itm_viking_noblehelm3|链甲护颈诺尔斯精英盔
itm_viking_noblehelm3_pl|链甲护颈诺尔斯精英盔
itm_angle_helmet1|老式带皮护颈头盔
itm_angle_helmet1_pl|老式带皮护颈头盔
itm_angle_helmet2|带皮护颈头盔
itm_angle_helmet2_pl|带皮护颈头盔
itm_angle_helmet3|老式链甲护颈头盔
itm_angle_helmet3_pl|老式链甲护颈头盔
itm_angle_helmet4|链甲护颈头盔
itm_angle_helmet4_pl|链甲护颈头盔
itm_angle_helmet5|旧式全盔
itm_angle_helmet5_pl|旧式全盔
itm_angle_helmet6|全盔
itm_angle_helmet6_pl|全盔
itm_elf_helmet|精灵之盔
itm_elf_helmet_pl|精灵之盔
itm_noble_helm_smith|贵族盔
itm_noble_helm_smith_pl|贵族盔
itm_hersir_helm|赫希尔之盔
itm_hersir_helm_pl|赫希尔之盔
itm_crown1|王冠
itm_crown1_pl|王冠
itm_sarranid_horseman_helmet|无头
itm_sarranid_horseman_helmet_pl|无头
itm_saco_enlacabeza|麻袋
itm_saco_enlacabeza_pl|麻袋
itm_wooden_stick|木棍
itm_wooden_stick_pl|木棍
itm_club_hard|棍棒
itm_club_hard_pl|棍棒
itm_club_troll|巨人之斧
itm_club_troll_pl|巨人之斧
itm_knife|猎刀
itm_knife_pl|猎刀
itm_knife2|猎刀
itm_knife2_pl|猎刀
itm_knife3|猎刀
itm_knife3_pl|猎刀
itm_knife4|猎刀
itm_knife4_pl|猎刀
itm_knife5|猎刀
itm_knife5_pl|猎刀
itm_longseax1|阔刀
itm_longseax1_pl|阔刀
itm_longseax2|阔刀
itm_longseax2_pl|阔刀
itm_longseax3|阔刀
itm_longseax3_pl|阔刀
itm_longseax4|阔刀
itm_longseax4_pl|阔刀
itm_longseax5|阔刀
itm_longseax5_pl|阔刀
itm_longseax6|长刀
itm_longseax6_pl|长刀
itm_longseax7|长刀
itm_longseax7_pl|长刀
itm_longseax8|长刀
itm_longseax8_pl|长刀
itm_longseax9|长刀
itm_longseax9_pl|长刀
itm_longseax10|长刀
itm_longseax10_pl|长刀
itm_seax_1|刀
itm_seax_1_pl|刀
itm_seax_2|刀
itm_seax_2_pl|刀
itm_seax_3|刀
itm_seax_3_pl|刀
itm_seax_4|刀
itm_seax_4_pl|刀
itm_seax_5|刀
itm_seax_5_pl|刀
itm_ragnar_seax|拉格纳长刀
itm_ragnar_seax_pl|拉格纳长刀
itm_elf_seax|精灵长刀
itm_elf_seax_pl|精灵长刀
itm_spatha|凯尔特长剑
itm_spatha_pl|凯尔特长剑
itm_spatha_2|凯尔特长剑
itm_spatha_2_pl|凯尔特长剑
itm_spatha_3|凯尔特长剑
itm_spatha_3_pl|凯尔特长剑
itm_spatha_4|凯尔特长剑
itm_spatha_4_pl|凯尔特长剑
itm_spatha_5|凯尔特长剑
itm_spatha_5_pl|凯尔特长剑
itm_spatha_6|凯尔特长剑
itm_spatha_6_pl|凯尔特长剑
itm_spatha_7|凯尔特长剑
itm_spatha_7_pl|凯尔特长剑
itm_spatha_8|凯尔特长剑
itm_spatha_8_pl|凯尔特长剑
itm_sword|剑
itm_sword_pl|剑
itm_sword_2|剑
itm_sword_2_pl|剑
itm_sword_3|剑
itm_sword_3_pl|剑
itm_sword_4|剑
itm_sword_4_pl|剑
itm_sword_5|短剑
itm_sword_5_pl|短剑
itm_sword_6|短剑
itm_sword_6_pl|短剑
itm_sword_7|短剑
itm_sword_7_pl|短剑
itm_sword_8|短剑
itm_sword_8_pl|短剑
itm_new_sword1|短剑
itm_new_sword1_pl|短剑
itm_new_sword2|短剑
itm_new_sword2_pl|短剑
itm_new_sword3|短剑
itm_new_sword3_pl|短剑
itm_new_sword4|短剑
itm_new_sword4_pl|短剑
itm_new_sword5|短剑
itm_new_sword5_pl|短剑
itm_new_sword6|短剑
itm_new_sword6_pl|短剑
itm_noble_sword|华丽的剑
itm_noble_sword_pl|华丽的剑
itm_noble_sword_2|华丽的剑
itm_noble_sword_2_pl|华丽的剑
itm_noble_sword_3|华丽的剑
itm_noble_sword_3_pl|华丽的剑
itm_noble_sword_4|华丽的剑
itm_noble_sword_4_pl|华丽的剑
itm_noble_sword_5|华丽的剑
itm_noble_sword_5_pl|华丽的剑
itm_noble_sword_6|华丽的剑
itm_noble_sword_6_pl|华丽的剑
itm_old_swordv|布立吞剑
itm_old_swordv_pl|布立吞剑
itm_old_swordv2|布立吞剑
itm_old_swordv2_pl|布立吞剑
itm_old_swordv3|布立吞剑
itm_old_swordv3_pl|布立吞剑
itm_old_swordv4|布立吞剑
itm_old_swordv4_pl|布立吞剑
itm_old_swordv5|布立吞剑
itm_old_swordv5_pl|布立吞剑
itm_old_swordv6|布立吞剑
itm_old_swordv6_pl|布立吞剑
itm_old_swordv7|布立吞剑
itm_old_swordv7_pl|布立吞剑
itm_noble_sword_7|布立吞贵族剑
itm_noble_sword_7_pl|布立吞贵族剑
itm_noble_sword_8|布立吞贵族剑
itm_noble_sword_8_pl|布立吞贵族剑
itm_noble_sword_9|布立吞贵族剑
itm_noble_sword_9_pl|布立吞贵族剑
itm_noble_sword_10|布立吞贵族剑
itm_noble_sword_10_pl|布立吞贵族剑
itm_noble_sword_11|布立吞贵族剑
itm_noble_sword_11_pl|布立吞贵族剑
itm_noble_sword_12|布立吞贵族剑
itm_noble_sword_12_pl|布立吞贵族剑
itm_noble_sword_13|布立吞贵族剑
itm_noble_sword_13_pl|布立吞贵族剑
itm_noble_swordv|贵族剑
itm_noble_swordv_pl|贵族剑
itm_noble_swordv3|贵族剑
itm_noble_swordv3_pl|贵族剑
itm_noble_swordv4|贵族剑
itm_noble_swordv4_pl|贵族剑
itm_noble_swordv5|贵族剑
itm_noble_swordv5_pl|贵族剑
itm_noble_swordv6|贵族剑
itm_noble_swordv6_pl|贵族剑
itm_noble_swordv7|贵族剑
itm_noble_swordv7_pl|贵族剑
itm_irish_long_sword1|戈伊德尔贵族长剑
itm_irish_long_sword1_pl|戈伊德尔贵族长剑
itm_irish_long_sword2|戈伊德尔贵族长剑
itm_irish_long_sword2_pl|戈伊德尔贵族长剑
itm_irish_long_sword3|戈伊德尔长剑
itm_irish_long_sword3_pl|戈伊德尔长剑
itm_irish_long_sword4|戈伊德尔长剑
itm_irish_long_sword4_pl|戈伊德尔长剑
itm_irish_long_sword5|戈伊德尔长剑
itm_irish_long_sword5_pl|戈伊德尔长剑
itm_irish_long_sword6|戈伊德尔长剑
itm_irish_long_sword6_pl|戈伊德尔长剑
itm_irish_long_sword7|戈伊德尔长剑
itm_irish_long_sword7_pl|戈伊德尔长剑
itm_irish_long_sword8|戈伊德尔长剑
itm_irish_long_sword8_pl|戈伊德尔长剑
itm_irish_short_sword1|戈伊德尔短剑
itm_irish_short_sword1_pl|戈伊德尔短剑
itm_irish_short_sword2|戈伊德尔短剑
itm_irish_short_sword2_pl|戈伊德尔短剑
itm_irish_short_sword3|戈伊德尔短剑
itm_irish_short_sword3_pl|戈伊德尔短剑
itm_championsword1|戈伊德尔勇者剑
itm_championsword1_pl|戈伊德尔勇者剑
itm_championsword2|戈伊德尔勇者剑
itm_championsword2_pl|戈伊德尔勇者剑
itm_widow_maker|寡妇制造者
itm_widow_maker_pl|寡妇制造者
itm_suttonhoosword2|强盗王之剑
itm_suttonhoosword2_pl|强盗王之剑
itm_siren_song|海妖之歌
itm_siren_song_pl|海妖之歌
itm_sword_of_war|奥维尔之剑
itm_sword_of_war_pl|奥维尔之剑
itm_sword_premium1|纳德之剑
itm_sword_premium1_pl|纳德之剑
itm_sword_premium2|龙之剑
itm_sword_premium2_pl|龙之剑
itm_sword_premium3|布林朱庇特之剑
itm_sword_premium3_pl|布林朱庇特之剑
itm_hatchet|斧
itm_hatchet_pl|斧
itm_axe|斧
itm_axe_pl|斧
itm_axe_2|短战斧
itm_axe_2_pl|短战斧
itm_hand_axe|短战斧
itm_hand_axe_pl|短战斧
itm_axe_3|长战斧
itm_axe_3_pl|长战斧
itm_axe_4|长战斧
itm_axe_4_pl|长战斧
itm_one_handed_war_axe_a|短斧
itm_one_handed_war_axe_a_pl|短斧
itm_one_handed_war_axe_b|短斧
itm_one_handed_war_axe_b_pl|短斧
itm_one_handed_war_axe_c|短斧
itm_one_handed_war_axe_c_pl|短斧
itm_one_handed_war_axe_d|短斧
itm_one_handed_war_axe_d_pl|短斧
itm_one_handed_war_axe_e|长斧
itm_one_handed_war_axe_e_pl|长斧
itm_one_handed_war_axe_f|长斧
itm_one_handed_war_axe_f_pl|长斧
itm_axe_5|长手斧
itm_axe_5_pl|长手斧
itm_axe_6|手斧
itm_axe_6_pl|手斧
itm_axe_7|短手斧
itm_axe_7_pl|短手斧
itm_axe_8|短手斧
itm_axe_8_pl|短手斧
itm_axe_9|手斧
itm_axe_9_pl|手斧
itm_axe_10|重手斧
itm_axe_10_pl|重手斧
itm_pictish_hatchet|戈伊德尔斧
itm_pictish_hatchet_pl|戈伊德尔斧
itm_pictish_hatchet2|戈伊德尔斧
itm_pictish_hatchet2_pl|戈伊德尔斧
itm_pictish_hatchet3|戈伊德尔长斧
itm_pictish_hatchet3_pl|戈伊德尔长斧
itm_pictish_hatchet4|戈伊德尔长斧
itm_pictish_hatchet4_pl|戈伊德尔长斧
itm_pictish_hatchet5|皮克特斧
itm_pictish_hatchet5_pl|皮克特斧
itm_pictish_hatchet6|皮克特斧
itm_pictish_hatchet6_pl|皮克特斧
itm_pictish_hatchet7|皮克特斧
itm_pictish_hatchet7_pl|皮克特斧
itm_pictish_hatchet8|皮克特短斧
itm_pictish_hatchet8_pl|皮克特短斧
itm_pictish_hatchet9|皮克特重斧
itm_pictish_hatchet9_pl|皮克特重斧
itm_pictish_hatchet10|皮克特重斧
itm_pictish_hatchet10_pl|皮克特重斧
itm_pictish_hatchet11|戈伊德尔短手斧
itm_pictish_hatchet11_pl|戈伊德尔短手斧
itm_pictish_hatchet12|戈伊德尔短手斧
itm_pictish_hatchet12_pl|戈伊德尔短手斧
itm_pictish_hatchet13|戈伊德尔短手斧
itm_pictish_hatchet13_pl|戈伊德尔短手斧
itm_pictish_hatchet14|戈伊德尔短手斧
itm_pictish_hatchet14_pl|戈伊德尔短手斧
itm_pictish_hatchet15|戈伊德尔长手斧
itm_pictish_hatchet15_pl|戈伊德尔长手斧
itm_pictish_hatchet16|戈伊德尔长手斧
itm_pictish_hatchet16_pl|戈伊德尔长手斧
itm_pictish_hatchet17|戈伊德尔贵族斧
itm_pictish_hatchet17_pl|戈伊德尔贵族斧
itm_pictish_hatchet18|戈伊德尔贵族斧
itm_pictish_hatchet18_pl|戈伊德尔贵族斧
itm_long_axe_b|伐木斧
itm_long_axe_b_pl|伐木斧
itm_frankish_axe|法兰克战斧
itm_frankish_axe_pl|法兰克战斧
itm_staff|棍
itm_staff_pl|棍
itm_quarter_staff|短棍
itm_quarter_staff_pl|短棍
itm_pitch_fork|草叉
itm_pitch_fork_pl|草叉
itm_battle_fork|牧羊杖
itm_battle_fork_pl|牧羊杖
itm_light_spear1|轻型矛
itm_light_spear1_pl|轻型矛
itm_light_spear2|轻型矛
itm_light_spear2_pl|轻型矛
itm_light_spear3|轻型矛
itm_light_spear3_pl|轻型矛
itm_light_spear4|轻型矛
itm_light_spear4_pl|轻型矛
itm_war_spear1|战矛
itm_war_spear1_pl|战矛
itm_war_spear2|战矛
itm_war_spear2_pl|战矛
itm_war_spear3|战矛
itm_war_spear3_pl|战矛
itm_heavy_spear1|加重矛
itm_heavy_spear1_pl|加重矛
itm_heavy_spear2|加重矛
itm_heavy_spear2_pl|加重矛
itm_heavy_spear3|加重矛
itm_heavy_spear3_pl|加重矛
itm_long_light_spear1|轻型长矛
itm_long_light_spear1_pl|轻型长矛
itm_long_light_spear2|轻型长矛
itm_long_light_spear2_pl|轻型长矛
itm_long_war_spear1|长战矛
itm_long_war_spear1_pl|长战矛
itm_long_war_spear2|长战矛
itm_long_war_spear2_pl|长战矛
itm_long_heavy_spear1|加重长矛
itm_long_heavy_spear1_pl|加重长矛
itm_long_heavy_spear2|加重长矛
itm_long_heavy_spear2_pl|加重长矛
itm_new_mace|长枪
itm_new_mace_pl|长枪
itm_premium_spear1|冈格尼尔
itm_premium_spear1_pl|冈格尼尔
itm_standard|军旗
itm_standard_pl|军旗
itm_standard_dragon|龙旗
itm_standard_dragon_pl|龙旗
itm_horn|号角
itm_horn_pl|号角
itm_horn_multi|号角
itm_horn_multi_pl|号角
itm_wooden_shield|圆盾
itm_wooden_shield_pl|圆盾
itm_viking_shield_round_06|圆盾
itm_viking_shield_round_06_pl|圆盾
itm_viking_shield_round_07|圆盾
itm_viking_shield_round_07_pl|圆盾
itm_viking_shield_round_10|圆盾
itm_viking_shield_round_10_pl|圆盾
itm_viking_shield_round_11|圆盾
itm_viking_shield_round_11_pl|圆盾
itm_viking_shield_round_08|圆盾
itm_viking_shield_round_08_pl|圆盾
itm_viking_shield_round_09|圆盾
itm_viking_shield_round_09_pl|圆盾
itm_viking_shield_round_12|圆盾
itm_viking_shield_round_12_pl|圆盾
itm_viking_shield_round_13|圆盾
itm_viking_shield_round_13_pl|圆盾
itm_viking_shield_round_01|生皮盾
itm_viking_shield_round_01_pl|生皮盾
itm_viking_shield_round_02|生皮盾
itm_viking_shield_round_02_pl|生皮盾
itm_viking_shield_round_03|生皮盾
itm_viking_shield_round_03_pl|生皮盾
itm_viking_shield_round_14|生皮盾
itm_viking_shield_round_14_pl|生皮盾
itm_viking_shield_round_15|生皮盾
itm_viking_shield_round_15_pl|生皮盾
itm_viking_shield_round_04|生皮圆盾
itm_viking_shield_round_04_pl|生皮圆盾
itm_viking_shield_round_05|生皮圆盾
itm_viking_shield_round_05_pl|生皮圆盾
itm_viking_shield_round_16|生皮圆盾
itm_viking_shield_round_16_pl|生皮圆盾
itm_viking_shield_round_17|生皮圆盾
itm_viking_shield_round_17_pl|生皮圆盾
itm_viking_shield_round_18|生皮圆盾
itm_viking_shield_round_18_pl|生皮圆盾
itm_viking_shield_round_19|生皮圆盾
itm_viking_shield_round_19_pl|生皮圆盾
itm_viking_shield_round_20|生皮圆盾
itm_viking_shield_round_20_pl|生皮圆盾
itm_viking_shield_round_21|生皮圆盾
itm_viking_shield_round_21_pl|生皮圆盾
itm_shield_1|凸圆盾
itm_shield_1_pl|凸圆盾
itm_shield_2|凸圆盾
itm_shield_2_pl|凸圆盾
itm_shield_3|凸圆盾
itm_shield_3_pl|凸圆盾
itm_shield_4|凸圆盾
itm_shield_4_pl|凸圆盾
itm_shield_5|凸圆盾
itm_shield_5_pl|凸圆盾
itm_shield_6|凸圆盾
itm_shield_6_pl|凸圆盾
itm_shield_6_2|凸圆盾
itm_shield_6_2_pl|凸圆盾
itm_shield_7|勇士盾
itm_shield_7_pl|勇士盾
itm_shield_8|勇士盾
itm_shield_8_pl|勇士盾
itm_shield_9|勇士盾
itm_shield_9_pl|勇士盾
itm_shield_10|圆盾
itm_shield_10_pl|圆盾
itm_shield_11|生皮盾
itm_shield_11_pl|生皮盾
itm_shield_12|斯维尔盾
itm_shield_12_pl|斯维尔盾
itm_shield_13|圆盾
itm_shield_13_pl|圆盾
itm_shield_14|圆盾
itm_shield_14_pl|圆盾
itm_shield_15|生皮盾
itm_shield_15_pl|生皮盾
itm_shield_16|生皮盾
itm_shield_16_pl|生皮盾
itm_shield_17|圆盾
itm_shield_17_pl|圆盾
itm_shield_18|圆盾
itm_shield_18_pl|圆盾
itm_shield_19|丹麦盾
itm_shield_19_pl|丹麦盾
itm_shield_20|诺曼盾
itm_shield_20_pl|诺曼盾
itm_shield_21|圆盾
itm_shield_21_pl|圆盾
itm_gael_bigroundshield_01|盖尔圆盾
itm_gael_bigroundshield_01_pl|盖尔圆盾
itm_gael_bigroundshield_02|盖尔圆盾
itm_gael_bigroundshield_02_pl|盖尔圆盾
itm_gael_bigroundshield_03|盖尔圆盾
itm_gael_bigroundshield_03_pl|盖尔圆盾
itm_gael_bigroundshield_04|盖尔圆盾
itm_gael_bigroundshield_04_pl|盖尔圆盾
itm_gael_bigroundshield_05|盖尔圆盾
itm_gael_bigroundshield_05_pl|盖尔圆盾
itm_gael_bigroundshield_06|盖尔圆盾
itm_gael_bigroundshield_06_pl|盖尔圆盾
itm_gael_bigroundshield_07|盖尔圆盾
itm_gael_bigroundshield_07_pl|盖尔圆盾
itm_elf_shield|精灵之盾
itm_elf_shield_pl|精灵之盾
itm_tab_shield_round_c|彩绘凸圆盾
itm_tab_shield_round_c_pl|彩绘凸圆盾
itm_tab_shield_round_01_device|彩绘圆盾
itm_tab_shield_round_01_device_pl|彩绘圆盾
itm_tab_shield_round_01_nodevice|彩绘圆盾
itm_tab_shield_round_01_nodevice_pl|彩绘圆盾
itm_tab_shield_round_02_device|彩绘圆盾
itm_tab_shield_round_02_device_pl|彩绘圆盾
itm_tab_shield_round_02_nodevice|彩绘圆盾
itm_tab_shield_round_02_nodevice_pl|彩绘圆盾
itm_tab_shield_round_03_device|彩绘圆盾
itm_tab_shield_round_03_device_pl|彩绘圆盾
itm_tab_shield_round_03_nodevice|彩绘圆盾
itm_tab_shield_round_03_nodevice_pl|彩绘圆盾
itm_tab_shield_round_04_device|彩绘圆盾
itm_tab_shield_round_04_device_pl|彩绘圆盾
itm_tab_shield_round_04_nodevice|彩绘圆盾
itm_tab_shield_round_04_nodevice_pl|彩绘圆盾
itm_tab_shield_round_05_device|彩绘凸圆盾
itm_tab_shield_round_05_device_pl|彩绘凸圆盾
itm_tab_shield_round_05_nodevice|彩绘凸圆盾
itm_tab_shield_round_05_nodevice_pl|彩绘凸圆盾
itm_tab_shield_round_06_device|彩绘凸圆盾
itm_tab_shield_round_06_device_pl|彩绘凸圆盾
itm_tab_shield_round_06_nodevice|彩绘凸圆盾
itm_tab_shield_round_06_nodevice_pl|彩绘凸圆盾
itm_tab_shield_round_07_device|彩绘圆盾
itm_tab_shield_round_07_device_pl|彩绘圆盾
itm_tab_shield_round_07_nodevice|彩绘圆盾
itm_tab_shield_round_07_nodevice_pl|彩绘圆盾
itm_tab_shield_round_08_device|彩绘凸圆盾
itm_tab_shield_round_08_device_pl|彩绘凸圆盾
itm_tab_shield_round_08_nodevice|彩绘凸圆盾
itm_tab_shield_round_08_nodevice_pl|彩绘凸圆盾
itm_tab_shield_round_09_device|彩绘圆盾
itm_tab_shield_round_09_device_pl|彩绘圆盾
itm_tab_shield_round_09_nodevice|彩绘圆盾
itm_tab_shield_round_09_nodevice_pl|彩绘圆盾
itm_tab_shield_round_10_device|彩绘凸圆盾
itm_tab_shield_round_10_device_pl|彩绘凸圆盾
itm_tab_shield_round_10_nodevice|彩绘凸圆盾
itm_tab_shield_round_10_nodevice_pl|彩绘凸圆盾
itm_tab_shield_round_11_device|彩绘凸圆盾
itm_tab_shield_round_11_device_pl|彩绘凸圆盾
itm_tab_shield_round_11_nodevice|彩绘凸圆盾
itm_tab_shield_round_11_nodevice_pl|彩绘凸圆盾
itm_tab_shield_round_12_device|彩绘圆盾
itm_tab_shield_round_12_device_pl|彩绘圆盾
itm_tab_shield_round_12_nodevice|彩绘圆盾
itm_tab_shield_round_12_nodevice_pl|彩绘圆盾
itm_tab_shield_small_round_c|彩绘小圆盾
itm_tab_shield_small_round_c_pl|彩绘小圆盾
itm_small_roundsh1|小圆盾
itm_small_roundsh1_pl|小圆盾
itm_small_roundsh2|小圆盾
itm_small_roundsh2_pl|小圆盾
itm_small_roundsh3|小圆盾
itm_small_roundsh3_pl|小圆盾
itm_small_roundsh4|小圆盾
itm_small_roundsh4_pl|小圆盾
itm_small_roundsh5|小圆盾
itm_small_roundsh5_pl|小圆盾
itm_small_roundsh6|小圆盾
itm_small_roundsh6_pl|小圆盾
itm_h_shield1|H形盾
itm_h_shield1_pl|H形盾
itm_h_shield2|H形盾
itm_h_shield2_pl|H形盾
itm_h_shield3|H形盾
itm_h_shield3_pl|H形盾
itm_h_shield4|H形盾
itm_h_shield4_pl|H形盾
itm_h_shield5|H形盾
itm_h_shield5_pl|H形盾
itm_h_shield6|H形盾
itm_h_shield6_pl|H形盾
itm_squaresh_1|方盾
itm_squaresh_1_pl|方盾
itm_squaresh_2|方盾
itm_squaresh_2_pl|方盾
itm_squaresh_3|方盾
itm_squaresh_3_pl|方盾
itm_squaresh_4|方盾
itm_squaresh_4_pl|方盾
itm_squaresh_5|方盾
itm_squaresh_5_pl|方盾
itm_squaresh_6|方盾
itm_squaresh_6_pl|方盾
itm_darts|简易标枪
itm_darts_pl|简易标枪
itm_darts_melee|简易标枪
itm_darts_melee_pl|简易标枪
itm_javelin|标枪
itm_javelin_pl|标枪
itm_javelin_melee|标枪
itm_javelin_melee_pl|标枪
itm_javelin_skirmishes|战斗标枪
itm_javelin_skirmishes_pl|战斗标枪
itm_javelin_skirmishes_melee|战斗标枪
itm_javelin_skirmishes_melee_pl|战斗标枪
itm_javelin_skirmishesel|重标枪
itm_javelin_skirmishesel_pl|重标枪
itm_javelin_skirmishesel_melee|重标枪
itm_javelin_skirmishesel_melee_pl|重标枪
itm_javelin_jinetes|骑手标枪
itm_javelin_jinetes_pl|骑手标枪
itm_javelin_jinetes_melee|骑手标枪
itm_javelin_jinetes_melee_pl|骑手标枪
itm_throwing_spears|投矛
itm_throwing_spears_pl|投矛
itm_throwing_spear_melee|投矛
itm_throwing_spear_melee_pl|投矛
itm_throwing_spears2|投矛
itm_throwing_spears2_pl|投矛
itm_throwing_spear2_melee|投矛
itm_throwing_spear2_melee_pl|投矛
itm_stones|石头
itm_stones_pl|石头
itm_long_bow|长弓
itm_long_bow_pl|长弓
itm_long_bow2|优质长弓
itm_long_bow2_pl|优质长弓
itm_long_bow3|精制长弓
itm_long_bow3_pl|精制长弓
itm_hunting_crossbow|皮克特弩
itm_hunting_crossbow_pl|皮克特弩
itm_strong_bow|暗黑猎人
itm_strong_bow_pl|暗黑猎人
itm_war_bow|瞠目结舌
itm_war_bow_pl|瞠目结舌
itm_sling_rock1|投石索用石
itm_sling_rock1_pl|投石索用石
itm_sling_lead|投石索用铅块
itm_sling_lead_pl|投石索用铅块
itm_sling|投石索
itm_sling_pl|投石索
itm_sling2|投石索
itm_sling2_pl|投石索
itm_sling3|投石索
itm_sling3_pl|投石索
itm_sling_militar|军用投石索
itm_sling_militar_pl|军用投石索
itm_fustibalus1|投石器
itm_fustibalus1_pl|投石器
itm_fustibalus2|投石器
itm_fustibalus2_pl|投石器
itm_fustibalus_military|军用投石器
itm_fustibalus_military_pl|军用投石器
itm_torch|火把
itm_torch_pl|火把
itm_lyre|里拉琴
itm_lyre_pl|里拉琴
itm_lute|鲁特琴
itm_lute_pl|鲁特琴
itm_instruments_end|Instruments End
itm_instruments_end_pl|Instruments End
itm_court_dress|侍女裙
itm_court_dress_pl|侍女裙
itm_stones_siege|攻城用石
itm_stones_siege_pl|攻城用石
itm_trophy_a|战利品
itm_trophy_a_pl|战利品
itm_trophy_b|优良的战利品
itm_trophy_b_pl|优良的战利品
itm_trophy_c|极好的战利品
itm_trophy_c_pl|极好的战利品
itm_iniauhorn|因里奥的号角
itm_iniauhorn_pl|因里奥的号角
itm_tunic_with_green_cape|绿色带披风短袍
itm_tunic_with_green_cape_pl|绿色带披风短袍
itm_keys|钥匙串
itm_keys_pl|钥匙串
itm_bride_dress|新娘装
itm_bride_dress_pl|新娘装
itm_bride_crown|花冠
itm_bride_crown_pl|花冠
itm_bride_shoes|新娘鞋
itm_bride_shoes_pl|新娘鞋
itm_practice_bow_2|长弓
itm_practice_bow_2_pl|长弓
itm_practice_arrows_2|箭
itm_practice_arrows_2_pl|箭
itm_steel_bolts|攻城用石
itm_steel_bolts_pl|攻城用石
itm_heraldic_mail_with_tunic_b|衬衫
itm_heraldic_mail_with_tunic_b_pl|衬衫
itm_heraldic_mail_with_tabard|衬衫
itm_heraldic_mail_with_tabard_pl|衬衫
itm_thors_helmet|索尔之盔
itm_thors_helmet_pl|索尔之盔
itm_thors_armor|索尔之甲
itm_thors_armor_pl|索尔之甲
itm_thors_boots|索尔之靴
itm_thors_boots_pl|索尔之靴
itm_thors_hammer|索尔之锤
itm_thors_hammer_pl|索尔之锤
itm_deadly_bow|致命的弓
itm_deadly_bow_pl|致命的弓
itm_deadly_arrows|致命的箭
itm_deadly_arrows_pl|致命的箭
itm_honey|蜂蜜
itm_honey_pl|蜂蜜
itm_raw_leather|兽皮
itm_raw_leather_pl|兽皮
itm_furs|毛皮
itm_furs_pl|毛皮
itm_wool_cloth|毛织布
itm_wool_cloth_pl|毛织布
itm_oil|油
itm_oil_pl|油
itm_velvet|天鹅绒
itm_velvet_pl|天鹅绒
itm_work_axe|斧
itm_work_axe_pl|斧
itm_work_pickaxe|镐
itm_work_pickaxe_pl|镐
itm_work_pitchfork|杈
itm_work_pitchfork_pl|杈
itm_work_basket|篮子
itm_work_basket_pl|篮子
itm_torch2|火把
itm_torch2_pl|火把
itm_animal_boar|野猪
itm_animal_boar_pl|野猪
itm_animal_pig|猪
itm_animal_pig_pl|猪
itm_animal_piglet|猪崽
itm_animal_piglet_pl|猪崽
itm_animal_sheep|羊
itm_animal_sheep_pl|羊
itm_animal_sheep_b|羊
itm_animal_sheep_b_pl|羊
itm_animal_dog|狗
itm_animal_dog_pl|狗
itm_dog_companion_horse|狗
itm_dog_companion_horse_pl|狗
itm_magic_broom|古怪的扫帚
itm_magic_broom_pl|古怪的扫帚
itm_stones_mp|石头
itm_stones_mp_pl|石头
itm_invisible_armor|皇帝的新衣
itm_invisible_armor_pl|皇帝的新衣
itm_addon_mail4|熊皮链甲
itm_addon_mail4_pl|熊皮链甲
itm_addon_mail5|狼皮胸甲
itm_addon_mail5_pl|狼皮胸甲
itm_addon_mail6|熊皮胸甲
itm_addon_mail6_pl|熊皮胸甲
itm_addon_mail7|狼皮胸甲
itm_addon_mail7_pl|狼皮胸甲
itm_lamellar_armor2|鳞片胸甲
itm_lamellar_armor2_pl|鳞片胸甲
itm_trophy_norse|诺尔斯国王奖杯
itm_trophy_norse_pl|诺尔斯国王奖杯
itm_trophy_cymry|布立吞国王奖杯
itm_trophy_cymry_pl|布立吞国王奖杯
itm_trophy_irish|戈伊德尔大首领奖杯
itm_trophy_irish_pl|戈伊德尔大首领奖杯
itm_trophy_saxon|盎格鲁国王奖杯
itm_trophy_saxon_pl|盎格鲁国王奖杯
itm_bonus_tunic_1|使者外衣
itm_bonus_tunic_1_pl|使者外衣
itm_bonus_tunic_2|使者外衣
itm_bonus_tunic_2_pl|使者外衣
itm_bonus_tunic_3|商人外衣
itm_bonus_tunic_3_pl|商人外衣
itm_bonus_dress_1|皮克特精致长裙
itm_bonus_dress_1_pl|皮克特精致长裙
itm_bonus_dress_2|撒克逊皇家长裙
itm_bonus_dress_2_pl|撒克逊皇家长裙
itm_bonus_dress_3|诺尔斯贵妇长裙
itm_bonus_dress_3_pl|诺尔斯贵妇长裙
itm_thors_javelins|雷神的标枪
itm_thors_javelins_pl|雷神的标枪
itm_decap_head|无头
itm_decap_head_pl|无头
itm_work_axe_mp|斧
itm_work_axe_mp_pl|斧
itm_pickaxe_mp|镐
itm_pickaxe_mp_pl|镐
itm_seax_1_mp|古老的刀
itm_seax_1_mp_pl|古老的刀
itm_spear_1_mp|古老的矛
itm_spear_1_mp_pl|古老的矛
itm_crossbow_mp|皮克特弩
itm_crossbow_mp_pl|皮克特弩
itm_bolts_mp|螺栓
itm_bolts_mp_pl|螺栓
itm_items_end|Items End
itm_items_end_pl|Items End
itm_noswing_club_troll|巨人之斧
itm_noswing_club_troll_pl|巨人之斧
itm_noswing_knife|猎刀
itm_noswing_knife_pl|猎刀
itm_noswing_knife2|猎刀
itm_noswing_knife2_pl|猎刀
itm_noswing_knife3|猎刀
itm_noswing_knife3_pl|猎刀
itm_noswing_knife4|猎刀
itm_noswing_knife4_pl|猎刀
itm_noswing_knife5|猎刀
itm_noswing_knife5_pl|猎刀
itm_noswing_longseax1|阔刀
itm_noswing_longseax1_pl|阔刀
itm_noswing_longseax2|阔刀
itm_noswing_longseax2_pl|阔刀
itm_noswing_longseax3|阔刀
itm_noswing_longseax3_pl|阔刀
itm_noswing_longseax4|阔刀
itm_noswing_longseax4_pl|阔刀
itm_noswing_longseax5|阔刀
itm_noswing_longseax5_pl|阔刀
itm_noswing_longseax6|长刀
itm_noswing_longseax6_pl|长刀
itm_noswing_longseax7|长刀
itm_noswing_longseax7_pl|长刀
itm_noswing_longseax8|长刀
itm_noswing_longseax8_pl|长刀
itm_noswing_longseax9|长刀
itm_noswing_longseax9_pl|长刀
itm_noswing_longseax10|长刀
itm_noswing_longseax10_pl|长刀
itm_noswing_seax_1|刀
itm_noswing_seax_1_pl|刀
itm_noswing_seax_2|刀
itm_noswing_seax_2_pl|刀
itm_noswing_seax_3|刀
itm_noswing_seax_3_pl|刀
itm_noswing_seax_4|刀
itm_noswing_seax_4_pl|刀
itm_noswing_seax_5|刀
itm_noswing_seax_5_pl|刀
itm_noswing_ragnar_seax|拉格纳之刀
itm_noswing_ragnar_seax_pl|拉格纳之刀
itm_noswing_elf_seax|精灵之刀
itm_noswing_elf_seax_pl|精灵之刀
itm_noswing_spatha|剑
itm_noswing_spatha_pl|剑
itm_noswing_spatha_2|剑
itm_noswing_spatha_2_pl|剑
itm_noswing_spatha_3|剑
itm_noswing_spatha_3_pl|剑
itm_noswing_spatha_4|剑
itm_noswing_spatha_4_pl|剑
itm_noswing_spatha_5|剑
itm_noswing_spatha_5_pl|剑
itm_noswing_spatha_6|剑
itm_noswing_spatha_6_pl|剑
itm_noswing_spatha_7|剑
itm_noswing_spatha_7_pl|剑
itm_noswing_spatha_8|剑
itm_noswing_spatha_8_pl|剑
itm_noswing_sword|剑
itm_noswing_sword_pl|剑
itm_noswing_sword_2|剑
itm_noswing_sword_2_pl|剑
itm_noswing_sword_3|剑
itm_noswing_sword_3_pl|剑
itm_noswing_sword_4|剑
itm_noswing_sword_4_pl|剑
itm_noswing_sword_5|短剑
itm_noswing_sword_5_pl|短剑
itm_noswing_sword_6|短剑
itm_noswing_sword_6_pl|短剑
itm_noswing_sword_7|短剑
itm_noswing_sword_7_pl|短剑
itm_noswing_sword_8|短剑
itm_noswing_sword_8_pl|短剑
itm_noswing_new_sword1|短剑
itm_noswing_new_sword1_pl|短剑
itm_noswing_new_sword2|短剑
itm_noswing_new_sword2_pl|短剑
itm_noswing_new_sword3|短剑
itm_noswing_new_sword3_pl|短剑
itm_noswing_new_sword4|短剑
itm_noswing_new_sword4_pl|短剑
itm_noswing_new_sword5|短剑
itm_noswing_new_sword5_pl|短剑
itm_noswing_new_sword6|短剑
itm_noswing_new_sword6_pl|短剑
itm_noswing_noble_sword|华丽的剑
itm_noswing_noble_sword_pl|华丽的剑
itm_noswing_noble_sword_2|华丽的剑
itm_noswing_noble_sword_2_pl|华丽的剑
itm_noswing_noble_sword_3|华丽的剑
itm_noswing_noble_sword_3_pl|华丽的剑
itm_noswing_noble_sword_4|华丽的剑
itm_noswing_noble_sword_4_pl|华丽的剑
itm_noswing_noble_sword_5|华丽的剑
itm_noswing_noble_sword_5_pl|华丽的剑
itm_noswing_noble_sword_6|华丽的剑
itm_noswing_noble_sword_6_pl|华丽的剑
itm_noswing_old_swordv|布立吞剑
itm_noswing_old_swordv_pl|布立吞剑
itm_noswing_old_swordv2|布立吞剑
itm_noswing_old_swordv2_pl|布立吞剑
itm_noswing_old_swordv3|布立吞剑
itm_noswing_old_swordv3_pl|布立吞剑
itm_noswing_old_swordv4|布立吞剑
itm_noswing_old_swordv4_pl|布立吞剑
itm_noswing_old_swordv5|布立吞剑
itm_noswing_old_swordv5_pl|布立吞剑
itm_noswing_old_swordv6|布立吞剑
itm_noswing_old_swordv6_pl|布立吞剑
itm_noswing_old_swordv7|布立吞剑
itm_noswing_old_swordv7_pl|布立吞剑
itm_noswing_noble_sword_7|华丽的布立吞剑
itm_noswing_noble_sword_7_pl|华丽的布立吞剑
itm_noswing_noble_sword_8|华丽的布立吞剑
itm_noswing_noble_sword_8_pl|华丽的布立吞剑
itm_noswing_noble_sword_9|华丽的布立吞剑
itm_noswing_noble_sword_9_pl|华丽的布立吞剑
itm_noswing_noble_sword_10|华丽的布立吞剑
itm_noswing_noble_sword_10_pl|华丽的布立吞剑
itm_noswing_noble_sword_11|华丽的布立吞剑
itm_noswing_noble_sword_11_pl|华丽的布立吞剑
itm_noswing_noble_sword_12|华丽的布立吞剑
itm_noswing_noble_sword_12_pl|华丽的布立吞剑
itm_noswing_noble_sword_13|华丽的布立吞剑
itm_noswing_noble_sword_13_pl|华丽的布立吞剑
itm_noswing_noble_swordv|贵族剑
itm_noswing_noble_swordv_pl|贵族剑
itm_noswing_noble_swordv3|贵族剑
itm_noswing_noble_swordv3_pl|贵族剑
itm_noswing_noble_swordv4|贵族剑
itm_noswing_noble_swordv4_pl|贵族剑
itm_noswing_noble_swordv5|贵族剑
itm_noswing_noble_swordv5_pl|贵族剑
itm_noswing_noble_swordv6|贵族剑
itm_noswing_noble_swordv6_pl|贵族剑
itm_noswing_noble_swordv7|贵族剑
itm_noswing_noble_swordv7_pl|贵族剑
itm_noswing_irish_long_sword1|戈伊德尔贵族长剑
itm_noswing_irish_long_sword1_pl|戈伊德尔贵族长剑
itm_noswing_irish_long_sword2|戈伊德尔贵族长剑
itm_noswing_irish_long_sword2_pl|戈伊德尔贵族长剑
itm_noswing_irish_long_sword3|戈伊德尔长剑
itm_noswing_irish_long_sword3_pl|戈伊德尔长剑
itm_noswing_irish_long_sword4|戈伊德尔长剑
itm_noswing_irish_long_sword4_pl|戈伊德尔长剑
itm_noswing_irish_long_sword5|戈伊德尔长剑
itm_noswing_irish_long_sword5_pl|戈伊德尔长剑
itm_noswing_irish_long_sword6|戈伊德尔长剑
itm_noswing_irish_long_sword6_pl|戈伊德尔长剑
itm_noswing_irish_long_sword7|戈伊德尔长剑
itm_noswing_irish_long_sword7_pl|戈伊德尔长剑
itm_noswing_irish_long_sword8|戈伊德尔长剑
itm_noswing_irish_long_sword8_pl|戈伊德尔长剑
itm_noswing_irish_short_sword1|戈伊德尔短剑
itm_noswing_irish_short_sword1_pl|戈伊德尔短剑
itm_noswing_irish_short_sword2|戈伊德尔短剑
itm_noswing_irish_short_sword2_pl|戈伊德尔短剑
itm_noswing_irish_short_sword3|戈伊德尔短剑
itm_noswing_irish_short_sword3_pl|戈伊德尔短剑
itm_noswing_championsword1|戈伊德尔勇士剑
itm_noswing_championsword1_pl|戈伊德尔勇士剑
itm_noswing_championsword2|戈伊德尔勇士剑
itm_noswing_championsword2_pl|戈伊德尔勇士剑
itm_noswing_widow_maker|寡妇制造者
itm_noswing_widow_maker_pl|寡妇制造者
itm_noswing_suttonhoosword2|强盗王之剑
itm_noswing_suttonhoosword2_pl|强盗王之剑
itm_noswing_siren_song|塞壬之歌
itm_noswing_siren_song_pl|塞壬之歌
itm_noswing_sword_of_war|奥维尔之剑
itm_noswing_sword_of_war_pl|奥维尔剑
itm_noswing_sword_premium1|纳德之剑
itm_noswing_sword_premium1_pl|纳德之剑
itm_noswing_sword_premium2|龙之剑
itm_noswing_sword_premium2_pl|龙之剑
itm_noswing_sword_premium3|布林朱庇特之剑
itm_noswing_sword_premium3_pl|布林朱庇特之剑
itm_noswing_one_handed_war_axe_a|短战斧
itm_noswing_one_handed_war_axe_a_pl|短战斧
itm_noswing_one_handed_war_axe_b|短战斧
itm_noswing_one_handed_war_axe_b_pl|短战斧
itm_noswing_one_handed_war_axe_c|短战斧
itm_noswing_one_handed_war_axe_c_pl|短战斧
itm_noswing_one_handed_war_axe_d|短战斧
itm_noswing_one_handed_war_axe_d_pl|短战斧
itm_noswing_one_handed_war_axe_e|长战斧
itm_noswing_one_handed_war_axe_e_pl|长战斧
itm_noswing_one_handed_war_axe_f|长战斧
itm_noswing_one_handed_war_axe_f_pl|长战斧
itm_noswing_frankish_axe|法兰克战斧
itm_noswing_frankish_axe_pl|法兰克战斧
itm_noswing_staff|棍
itm_noswing_staff_pl|棍
itm_noswing_quarter_staff|短棍
itm_noswing_quarter_staff_pl|短棍
itm_noswing_pitch_fork|粪叉
itm_noswing_pitch_fork_pl|粪叉
itm_noswing_battle_fork|牧羊杖
itm_noswing_battle_fork_pl|牧羊杖
itm_noswing_light_spear1|轻型矛
itm_noswing_light_spear1_pl|轻型矛
itm_noswing_light_spear2|轻型矛
itm_noswing_light_spear2_pl|轻型矛
itm_noswing_light_spear3|轻型矛
itm_noswing_light_spear3_pl|轻型矛
itm_noswing_light_spear4|轻型矛
itm_noswing_light_spear4_pl|轻型矛
itm_noswing_war_spear1|战矛
itm_noswing_war_spear1_pl|战矛
itm_noswing_war_spear2|战矛
itm_noswing_war_spear2_pl|战矛
itm_noswing_war_spear3|战矛
itm_noswing_war_spear3_pl|战矛
itm_noswing_heavy_spear1|重型矛
itm_noswing_heavy_spear1_pl|重型矛
itm_noswing_heavy_spear2|重型矛
itm_noswing_heavy_spear2_pl|重型矛
itm_noswing_heavy_spear3|重型矛
itm_noswing_heavy_spear3_pl|重型矛
itm_noswing_long_light_spear1|轻型长矛
itm_noswing_long_light_spear1_pl|轻型长矛
itm_noswing_long_light_spear2|轻型长矛
itm_noswing_long_light_spear2_pl|轻型长矛
itm_noswing_long_war_spear1|长战矛
itm_noswing_long_war_spear1_pl|长战矛
itm_noswing_long_war_spear2|长战矛
itm_noswing_long_war_spear2_pl|长战矛
itm_noswing_long_heavy_spear1|重型长矛
itm_noswing_long_heavy_spear1_pl|重型长矛
itm_noswing_long_heavy_spear2|重型长矛
itm_noswing_long_heavy_spear2_pl|重型长矛
itm_noswing_new_mace|权杖
itm_noswing_new_mace_pl|权杖
itm_noswing_premium_spear1|冈格尼尔
itm_noswing_premium_spear1_pl|冈格尼尔
itm_noswing_standard|军旗
itm_noswing_standard_pl|军旗
itm_noswing_standard_dragon|龙旗
itm_noswing_standard_dragon_pl|龙旗
itm_noswing_darts_melee|简易标枪
itm_noswing_darts_melee_pl|简易标枪
itm_noswing_javelin_melee|标枪
itm_noswing_javelin_melee_pl|标枪
itm_noswing_javelin_skirmishes_melee|战斗标枪
itm_noswing_javelin_skirmishes_melee_pl|战斗标枪
itm_noswing_javelin_skirmishesel_melee|重标枪
itm_noswing_javelin_skirmishesel_melee_pl|重标枪
itm_noswing_javelin_jinetes_melee|骑手标枪
itm_noswing_javelin_jinetes_melee_pl|骑手标枪
itm_noswing_throwing_spear_melee|投矛
itm_noswing_throwing_spear_melee_pl|投矛
itm_noswing_throwing_spear2_melee|投矛
itm_noswing_throwing_spear2_melee_pl|投矛
itm_noswing_torch|火把
itm_noswing_torch_pl|火把
itm_noswing_work_pitchfork|草叉
itm_noswing_work_pitchfork_pl|草叉
itm_noswing_dog_bite|螺丝
itm_noswing_dog_bite_pl|螺丝
itm_noswing_seax_1_mp|古老的刀
itm_noswing_seax_1_mp_pl|古老的刀
itm_noswing_spear_1_mp|古老的矛
itm_noswing_spear_1_mp_pl|古老的矛
